0,1,2,3,4,5,6,7,8
-3.888186,2.3965244,1.847308,-2.6183562,3.1680443,6.658755,0.8359221,0.04778418,-0.5027563
-3.2775602,5.1781173,-1.2273072,-0.96097803,4.992303,5.658303,0.17938295,1.4136406,2.812747
-3.0805588,1.2136335,3.2880456,-2.7226655,3.1968133,4.470259,0.080205075,1.5595739,0.1022659
-2.5475733,4.2438393,-0.9349731,0.010151118,5.0462904,4.3318768,-0.38721922,-0.9105428,1.0616497
1.6701688,2.5434885,-1.7574346,3.696316,4.4796634,4.110839,0.9879019,-4.4446297,-2.033829
-0.9507934,4.894524,-0.10056336,1.2766281,3.7175205,3.2889059,0.65659046,-6.89265,1.2871015
-3.8112962,3.4960105,0.006351996,-1.9072,7.063821,6.2983313,-1.0906305,-0.37176964,1.9517798
-4.302079,4.0213156,2.77386,-2.3459868,1.8680831,4.841164,0.6811309,-0.725228,-0.77899
-3.0265336,3.7116761,-1.443208,-1.1189264,4.7058907,7.397911,0.6126879,-0.37951735,1.0469264
0.9371737,3.1119306,-0.7949318,3.384166,4.322836,3.0879765,0.34587666,-7.337592,-2.3025827
1.0820795,4.0871696,-1.5155852,2.4705203,2.9324539,4.1308503,1.1950425,-5.6359506,-0.13039428
-2.9794753,2.452498,0.3550192,-1.9148401,4.9450045,6.2923474,0.37252775,-0.008772282,1.6651127
0.6747414,3.751593,-0.901347,2.3495996,4.9242682,3.308532,0.4477003,-3.3854485,0.91260564
-2.270658,2.081385,-1.0645636,-0.50262845,5.9718237,5.9355297,-0.2520864,-1.003555,0.68317574
-2.6628475,3.7015142,-0.525346,-0.39855245,6.424371,3.9643,-1.0212753,0.1878461,2.1727479
-4.0525513,4.351085,0.056506444,-2.031458,6.386644,6.1190634,-1.0126314,-0.8983301,2.1030066
-1.5814273,2.967961,-1.8149515,-0.22564486,4.183833,4.418418,0.32068458,-0.8033735,2.658457
1.1551291,1.8312794,1.0243005,2.6128838,2.7053554,3.7109287,1.3192763,-3.602907,-4.0873966
-4.022147,4.7638383,-0.5380077,-2.3642983,4.7658954,7.5894046,0.0010243878,-1.4867288,1.8401897
-5.0955224,1.9665977,2.905346,-1.6926883,4.0116243,3.5386817,0.45334694,-0.9432965,-0.69594675
-3.5184317,4.963713,-0.63535696,-1.1680564,5.393649,5.506146,-0.40146467,-0.061956614,2.1241515
-2.5944715,3.9276404,1.2620839,-1.526329,2.782739,3.5432603,0.9794296,1.3304104,2.9123604
-3.7369843,0.098338954,1.8253695,-2.2060428,3.6278691,5.3034678,0.9746512,-1.2419835,-0.1013233
-2.3173845,2.9877136,-1.6749015,-0.67341006,4.3266544,6.655385,0.6478993,-1.2272135,0.9429816
1.3306221,2.905038,-1.8221425,3.4458194,3.8891356,2.8293684,1.1415923,-4.927945,-0.14596933
-0.8410739,2.4048045,-1.0842414,2.9028008,4.6273704,3.612808,1.5434761,-6.9787073,-1.0236194
-1.3657545,4.777714,-0.41798156,1.9503764,4.2755613,5.19068,1.2172244,-5.943396,-1.348753
-2.21679,2.3897305,-1.2870485,-0.8725637,5.854022,5.535453,-0.124168076,0.27006254,2.5662198
-3.3359895,1.0810784,2.809145,-3.0858033,3.9140306,5.686486,-0.05879245,-0.039487273,0.0827095
-4.746636,4.0309463,-0.6887824,-1.127014,5.3623633,4.0112963,0.13691923,-1.9026072,3.328299
-4.864802,2.634261,-0.8019809,-1.4570755,5.8572025,5.160176,0.41485044,-2.2742891,2.9310575
-2.020401,2.569095,2.9505723,1.6661581,3.03311,2.1929815,1.4611621,-4.8016734,-3.038994
1.5187246,2.6623037,-2.0589118,2.8380504,3.446747,5.071929,1.575125,-4.9978266,-1.0014435
-3.6824546,2.2686594,-1.0533845,-1.5237821,5.60219,6.716176,0.3596386,-1.8596824,1.7581594
-0.935961,5.578529,-0.14916046,2.5539033,4.3975973,2.8010638,0.42461357,-5.7419133,-0.47121412
-3.6765687,3.4212487,-0.21438034,-1.7970345,5.907537,5.8589315,-0.7387099,-2.2349472,1.8534893
-1.949154,1.59366,0.28806466,-1.3272816,4.2413683,4.458296,0.09595268,-2.1669242,1.7398088
-3.4058192,4.335117,-0.13451977,-1.5132467,5.7177143,4.702299,-1.065207,-1.6214075,2.5018578
-4.137549,4.314361,-0.4482594,-1.0851212,6.18391,4.846114,-0.4889104,-0.32176337,2.4422965
0.9049741,3.4139073,-1.9198676,2.4579074,3.0953796,4.338292,1.687531,-4.947442,0.4784307
-2.8004503,4.6251826,-0.5566352,-0.006292671,5.392877,3.8338044,-0.8006504,-1.0363516,1.0659975
-0.6744188,3.5429623,-1.0794711,2.1651595,3.8242364,5.1264286,1.6662925,-6.3886285,-1.0231936
-3.976919,2.041722,2.0540147,-3.1110482,2.7095568,6.5128155,0.86617684,-1.9182429,0.049453445
-2.2340007,1.783552,-1.3334674,-1.2047908,5.8387957,6.393127,0.035202943,-0.28073713,2.2494254
0.9447051,3.4372597,-0.7529965,2.8771837,5.127181,2.8036568,0.122195385,-4.32146,-0.14339739
-3.4161115,3.4640887,-0.3133257,-1.4802036,5.3867154,5.493842,-0.656555,-2.9925845,1.4507455
-1.2609578,5.6182437,0.01936363,1.7208015,4.042562,5.2667165,0.7085835,-6.647705,-1.8660012
-3.28966,4.555841,-0.13949187,-0.39968976,6.19617,4.3546596,-1.1428518,-0.94067776,0.85012925
-1.4871467,2.6597197,0.44416133,-0.5194441,1.5095237,4.0828032,1.759953,-1.0196822,0.75811994
-0.20456731,3.9325852,-1.7103673,3.2794902,3.1485403,4.131466,1.9607692,-6.375368,-1.5424385
-2.8849711,3.5776083,-1.1891288,-0.99610317,5.1864743,5.84435,0.08352985,-0.2892858,2.1337426
-3.7908018,3.154503,-0.86851996,-0.80587184,5.043146,4.5402427,0.10489739,-2.937447,1.9462425
-4.240655,5.2917056,-0.76346,-0.94416,4.0272074,6.075554,0.4212588,-2.5549777,0.53553534
-2.7584846,1.1157746,2.0558674,-2.0934937,3.4244516,5.7128844,0.63870424,2.2374272,-0.5128761
-3.1851492,4.4360676,-1.2659644,-0.9457917,5.4478054,6.3005195,0.21880037,1.5181221,2.2356591
-4.453151,4.811399,0.071204826,-1.8382668,5.7048388,7.0459895,-0.6207968,-2.1308312,0.32836586
-2.9676747,2.6989682,-1.1364584,-1.1123599,5.00655,5.1801715,0.09600481,-2.0517445,2.4867864
-3.2049098,3.2256382,-1.8956014,-0.06817421,4.0872498,4.539894,1.1191407,-1.4948126,2.2693672
1.7078676,4.0056796,0.22190247,2.768999,0.85239047,1.161896,2.0743954,-3.2348096,0.5401401
-4.122642,2.6463988,0.77385265,-1.3348016,5.152381,5.0094876,0.31109935,-1.8828323,0.7484434
-2.3965745,2.5409667,-1.5594535,-0.69978595,5.626661,6.715492,0.3685135,0.58762616,1.441331
-3.9313116,1.7852594,2.2872477,-3.0095713,5.1296396,6.7707653,-0.33738363,-0.7486313,-0.38549286
-2.0801349,3.6131527,-1.0659955,-0.31141558,4.9080515,3.61608,-0.4865392,-1.1314615,2.5693607
1.2960596,3.3479638,-0.03414346,2.9649603,3.6360745,2.4490638,1.0135907,-3.4711246,-0.7113524
-3.2092857,3.5484493,-0.73048395,-0.6718166,6.3829985,6.3895683,-0.35540482,0.31882706,0.52747136
-5.035304,6.561265,-0.013157558,-2.2939425,4.8251743,6.308752,-0.3526128,-1.206111,2.4346175
0.80559385,5.4238043,-1.6045381,3.7139099,2.516616,3.7145689,1.3116713,-6.0556746,-2.3163702
-3.947144,3.6033514,-0.7461571,-1.3886734,6.058322,6.6715956,-0.019436248,-0.2856829,1.5713124
1.3103727,4.1583447,-1.5295069,3.1468413,3.6986768,2.7185662,0.81407225,-4.1548476,0.35861105
1.2527968,0.457919,1.4581453,2.035787,3.4758139,3.7727218,1.0546076,-3.6772933,-3.389182
2.167228,2.0230513,-2.2702596,3.508559,3.7369964,4.0719433,1.3655922,-4.751675,-1.0663148
-3.3123384,1.5736642,1.6141535,-1.8344325,3.5745797,5.227012,0.22584853,-3.633108,-1.0075068
-2.7515864,3.7951229,-0.9029102,-0.47107378,5.2913313,5.294182,-0.2910622,-0.9613084,1.0093513
0.63871145,3.55188,-2.2880383,3.742731,2.912809,1.8688513,1.8967047,-5.372954,0.81914777
-0.6255208,5.79072,-1.1219685,1.9037939,2.5917804,4.639705,1.647851,-5.573369,0.20068544
-0.46034276,1.5955857,1.2688109,2.1602752,2.2937787,3.5910714,2.2224684,-4.538446,-3.3030307
-4.460168,3.2315009,1.0349549,-1.7642499,5.87853,5.1448326,-0.03739784,-0.26363155,1.6689553
-2.8005211,5.2454133,-1.5596844,-0.5945498,2.6326845,4.409527,0.77638537,-2.0910487,2.7169535
-4.363361,4.120851,-0.01769979,-2.2559507,5.785848,7.010334,-0.585276,-2.3031635,1.3090625
1.4023029,4.408771,-1.6514012,3.8900054,3.5913844,3.0574896,0.8945518,-4.583949,-1.5503668
-3.0694475,1.6601583,1.798651,-1.8389823,4.2986903,5.859584,0.10102566,0.5018132,-1.1467795
-1.8629422,3.3877945,-1.7017318,-0.13951316,4.4914827,4.54923,0.25860518,-0.16007838,2.4102306
-2.7584846,1.1157746,2.0558674,-2.0934937,3.4244516,5.7128844,0.63870424,2.2374272,-0.5128761
-3.2775602,5.1781173,-1.2273072,-0.96097803,4.992303,5.658303,0.17938295,1.4136406,2.812747
0.88803184,3.3555343,0.5774348,2.0851214,2.7793276,2.3450704,0.82606995,-6.722227,-0.46920627
0.39347827,2.3673036,-0.5969481,2.4624772,5.1558247,3.289316,0.37839016,-6.2702684,-0.40610498
-4.3704505,1.128535,3.3875465,-3.1669464,2.9605072,4.569403,0.74220955,0.8053986,0.79309994
1.0953408,3.3470209,-1.5000767,2.4281561,3.626685,5.341571,1.2200185,-5.2637634,-1.2184477
0.87995696,4.1825376,-1.13055,3.6509101,4.646212,3.7928722,0.5757252,-4.2430716,-2.3541238
0.46561778,3.6276124,-1.3766513,3.2731678,3.6932447,3.6428974,1.2149653,-6.267069,-1.5140566
-4.937691,5.015945,-1.1199473,-0.84164584,5.1598344,4.9645085,0.68300134,0.0638769,2.914219
-2.0801349,3.6131527,-1.0659955,-0.31141558,4.9080515,3.61608,-0.4865392,-1.1314615,2.5693607
-2.7568398,2.9041247,-0.9611885,-1.6996943,4.399213,6.812197,0.12335285,-2.9591265,1.40825
-3.6172132,2.6018023,-0.5684158,-0.7543373,5.5613365,5.004046,-0.25680748,-3.529963,0.7656711
-4.3890996,4.2841725,-1.1327112,-2.176305,4.240999,6.5869374,0.76777256,-1.6855826,3.3270307
-5.2659307,2.3668952,1.8568432,-2.6137464,4.837799,5.013541,1.0966539,-0.59904903,2.631979
-3.9787202,4.933784,-0.3531788,-1.2799474,5.773862,4.872222,-0.6346428,-0.44048247,2.5679832
0.59021044,3.1405067,-0.25972468,2.1130805,5.6220384,3.2095518,-0.16584459,-4.594032,0.36259717
-2.7325838,2.8130896,-0.5011552,-1.2546132,5.298365,4.352849,-0.7902715,-3.1535819,2.376102
-4.5473356,3.3801215,-0.4046027,-1.5163232,5.6558533,4.378886,-0.21670076,-2.752875,3.0794306
-3.9648688,4.7991138,-1.0366303,-1.2208686,5.069354,5.5729465,0.25642684,0.11378291,2.8328264
-3.9515889,2.3969615,-0.6786372,-1.9084021,5.9813333,6.42356,-0.04623992,-2.039434,2.2951846
-4.3229647,5.576795,-1.136144,-0.18668142,4.473666,4.2351484,0.5646815,-0.4757397,2.109201
-4.8941903,3.8124707,-1.1256523,-1.7954218,5.104487,7.6044545,0.9662267,-1.1682472,1.7107588
-4.5717177,4.73229,-0.9496953,-0.8854872,4.7817097,4.3083587,0.3938066,-1.4643708,2.9260683
-2.2285006,2.5137637,-1.6094271,-0.43394795,5.5203633,6.4254813,0.36700055,0.43230787,1.2113379
-2.4776626,2.5103445,-0.9362102,-0.983955,6.2789474,5.402013,-0.49209574,0.026871832,2.3848433
-1.2110891,3.2901976,-0.87476414,2.5420883,4.608657,2.9770043,1.3891168,-6.2113276,0.36559522
0.20574868,2.416927,1.4135836,2.663965,2.6392202,3.2792542,1.574733,-3.0946138,-4.100053
0.4039663,3.0160806,-1.5992397,3.8896902,4.0994654,2.5199506,1.3071048,-6.0961075,-1.2152524
-4.322095,2.133645,1.3322182,-1.031066,3.4691591,4.8997803,1.0671343,-1.6566072,-1.5073769
-3.2374456,2.0228782,-0.28089827,-2.554517,6.232375,6.874481,-0.7672552,-2.4928586,2.3709922
-3.6801689,4.3599033,-0.27609867,-1.2577763,6.566329,5.7104836,-0.8495412,0.37994316,1.8181161
-2.1437902,3.175629,-1.3240622,0.5120261,5.622633,5.107213,-0.061430104,0.084317535,0.13886148
-3.3999538,4.17895,-1.1910491,-0.7803122,4.6069613,6.2372003,0.4244614,-1.1917824,0.9884804
-2.4309196,3.392224,-0.49122393,-0.60600984,4.9161735,4.061447,-0.86113274,-3.4141798,1.197671
-2.5169265,1.4452033,1.9883168,-1.3571426,1.1983918,3.6765096,1.0582064,-1.9385723,-0.88891244
-2.2230828,1.6787461,1.956638,-1.5196828,2.084798,4.658236,0.72349685,0.9502434,-1.0677304
0.3973912,4.2005115,2.331296,2.1211803,0.42283106,2.2929528,1.3159992,-5.168192,-3.9387555
-3.8599505,4.1594234,-1.3056431,-0.20024613,4.5765533,5.8336735,0.7608936,-1.5365722,0.34584486
-2.97045,2.3790152,-1.0390084,-1.7230002,4.9548187,6.819167,0.16863993,-2.5232337,1.7209642
-2.3630953,3.3680866,-0.49209934,-1.0346376,4.9565496,3.5173032,-1.0080631,-3.0661519,2.7481956
-4.0959115,5.2493887,0.0965337,-2.270706,5.4871063,5.4421816,-1.0065958,-1.5129298,3.002487
-3.882432,2.4888108,-0.5767929,-2.0266526,6.312286,6.695486,-0.22965008,-1.4191952,2.3008103
-0.81700623,6.2705407,-0.3343708,2.0326602,3.250346,4.4150877,0.84583795,-6.2214947,-1.0804002
-2.4430506,3.6914775,-1.3044589,-1.5184555,3.524195,5.801633,0.31574026,-2.5804403,2.610724
-4.388634,5.1109242,-1.4672898,-0.4913223,4.235053,5.6804953,1.0997915,-0.47777686,1.6714227
-3.0969498,4.4838233,-0.9260901,-0.49070802,4.4915123,4.986163,-0.058301754,-1.8524829,1.0958163
-1.047973,4.2725554,-1.1874378,1.6245633,3.4434757,5.556037,1.9880683,-5.4826956,0.07754607
-2.4262002,3.18943,-1.6461504,-0.91402555,4.174089,6.6506815,0.6503004,-1.2955866,1.3661551
-3.5329618,5.1164227,-1.4586307,-0.23040184,3.8684042,6.239933,0.87997633,-1.0035038,0.27448517
-3.8100476,4.613203,-1.0074071,0.3264884,5.218913,3.403414,0.0973552,-0.73491424,1.7109272
-4.6283946,3.1341355,-0.3261512,-1.9750315,6.026573,5.5289693,-0.27551505,-2.4655333,2.7764366
-2.4615512,3.0465927,-1.2891587,-1.3882594,5.0414424,5.056765,-0.0343676,-0.4204757,3.8513775
0.022008544,2.628796,2.3420088,1.6692971,2.0292468,2.717675,0.96319073,-6.503287,-3.4403222
-3.1744878,4.2770643,-0.4229676,-1.1648732,5.977447,4.5272117,-0.9070103,-0.21778008,2.8330452
-2.4200866,0.35263166,2.3108754,-2.4600005,3.045675,5.44648,0.6899575,1.8863524,0.09080166
0.5725528,1.8180218,1.624067,2.1269767,3.9143834,3.9275503,0.7097497,-3.951225,-3.9772243
-4.3151784,4.071831,0.9048788,-1.244335,4.1351624,4.3715897,0.34052834,-2.4679022,0.81301326
1.719453,2.4417694,-1.4797955,3.6404605,4.6847405,3.3969529,0.59923804,-4.9832134,-1.676797
-4.416042,6.064987,-0.79474527,-0.022647113,4.1932783,3.655422,0.28774503,-1.509803,1.5655684
0.25459802,5.0453873,-1.7881134,2.5906591,2.209826,4.40187,1.9127295,-5.6475224,-0.22134155
-2.4482841,3.263278,-1.5845952,-0.8094522,4.6608143,6.3228045,0.47964472,-0.39809826,1.7228398
-4.386578,3.3268843,-0.40415078,-1.443095,5.671595,4.973753,-0.25224525,-2.8796825,2.2149663
-4.0313573,4.9514723,-0.930208,-1.4592624,5.1745863,6.3050575,0.19772118,0.2812859,2.4419372
-2.7775445,3.075575,-0.96103173,-1.9969417,4.6571074,6.0945206,-0.109426655,-2.1956778,2.9686074
-3.6584916,1.1898589,2.3102863,-3.1435373,4.656437,6.5195055,-0.19463947,-1.4950179,-0.087655
0.44983268,3.5854237,-1.1269618,2.2462792,5.0883636,4.5953927,0.8834173,-2.5240555,0.35593814
1.7339078,1.4574631,-1.1666137,3.3775778,5.4516497,3.6007128,0.30077288,-5.307264,-1.7857555
-2.587614,2.9524698,-1.2211213,-1.5079063,5.311104,5.884117,-0.023850925,-0.24291334,3.2009633
-3.1733305,4.8371196,-0.50374156,-0.5092331,4.966386,4.7947702,-0.5820794,-1.7900461,0.7611372
-4.0579705,3.9269893,-1.7550857,-0.8272598,3.9776115,4.484587,1.2322806,-1.2304894,3.805367
-3.2713728,5.8773446,-1.2526206,-1.0013198,3.828232,5.5404816,0.3675643,0.033278257,2.5514915
-1.5700096,2.089114,-0.3302614,-0.7557303,3.6953113,4.0644183,0.61884093,-0.6791438,2.2664511
-4.580774,2.7003086,-0.5340584,-2.5041027,6.240425,7.050642,0.0053041503,-1.5751301,2.840322
-3.5144525,3.934726,-0.21455802,-0.60086966,6.1056213,5.099033,-0.8375411,-1.7090056,0.36958855
-2.159717,2.417678,-1.0917722,-0.3139411,5.643297,5.3510237,-0.28074288,-1.1963243,0.8539977
-2.6128159,3.692585,-0.9064335,0.15702882,5.7609982,5.0598903,-0.3811223,-0.35872588,0.19597077
-4.7840786,5.102356,-0.33187968,-1.3347266,5.5593157,6.045175,-0.16486612,-1.2432069,1.2144775
-4.487496,4.2809005,-0.7824641,-0.08396605,5.2389436,3.0612586,0.1220747,-1.945202,2.2700992
-2.9045856,1.3795816,-0.49252164,-0.6593082,3.5923882,4.7011147,1.543031,-2.0059936,1.3732238
-0.5524863,5.1778245,-1.1215466,2.9664392,3.3640873,2.5821683,1.296442,-5.763508,0.14969867
-2.700138,3.8890216,-1.151301,-0.9288293,5.2343597,5.1795716,-0.12977391,0.21708217,2.777265
1.3439285,3.9213936,-1.2287791,2.8845406,3.772286,2.4709346,0.50724816,-5.04108,0.52255744
-0.051971547,4.5390472,-0.09997459,1.3437968,3.852414,4.3178034,0.33187732,-6.779495,-0.039314084
-1.9664307,3.791064,-1.8146392,0.26177326,3.6302636,4.236274,0.551487,-1.4254862,1.6429018
-3.950935,2.5471609,1.4392273,-1.4187701,2.4054675,5.3903832,1.454228,-0.10791221,-1.182584
-3.4145243,3.979683,-0.8738015,-0.5188724,5.5910864,5.0958,-0.13540715,-0.52007216,1.492471
0.46087992,4.4323,-0.6001356,3.5110958,4.3638706,1.6786653,0.14067724,-6.2339473,-0.9881714
-4.1687064,3.4041784,-1.0274607,-1.6302634,4.9654975,5.446899,0.41760102,-1.9621259,3.2147512
-3.8762712,3.9764569,-1.1161879,-0.79397607,4.516194,3.8705437,0.34966576,-2.0969791,3.1962261
0.6655686,2.386015,-2.1566048,2.8377538,3.346923,4.5783434,2.0865202,-5.628495,-0.3484528
-4.683769,4.238389,-0.33768207,-0.20945683,6.0599046,4.0855646,-0.30401713,-1.9110098,0.87314934
1.9147615,1.4118227,-1.8398972,3.1058962,4.607998,4.380371,1.0395404,-4.7040324,-1.0292203
-2.020401,2.569095,2.9505723,1.6661581,3.03311,2.1929815,1.4611621,-4.8016734,-3.038994
-3.0372806,2.631241,-0.5917749,-1.626629,5.944316,6.4898434,-0.49587044,-1.6973838,1.5245795
-2.3280425,3.3414843,-0.7529504,-0.9480442,5.031022,3.9298732,-0.72303516,-2.0718398,2.8249917
-2.8872504,3.6691546,-0.84034866,-1.233704,5.4941154,5.3181562,-0.40210482,-0.5077912,2.6158156
-2.1494455,3.1384184,-1.2918348,0.082004875,5.7290664,4.812803,-0.18126598,0.45704815,1.4017318
-1.2889388,4.9093432,-0.37897712,2.2170985,5.086606,3.1490896,0.7712101,-4.088607,0.74447364
-3.5450277,4.526885,-0.94532716,-0.010803014,5.0326633,4.4057264,0.030347742,-1.123414,1.0644691
-3.1732788,2.3835073,-0.54669803,-2.0337923,6.236903,6.893342,-0.5176567,-1.3930552,1.9952725
0.07330454,3.6386569,-0.42483252,2.8788242,5.151499,3.939488,0.31794816,-5.84814,-2.108315
-3.576225,4.1090484,-0.7768689,-2.3750892,4.2602124,6.50924,0.08906331,-2.363072,3.0435374
-3.2005677,4.2367015,-1.2926139,0.12275067,4.56966,5.6270084,0.46719477,-1.3157715,-0.11844926
1.0901175,4.866837,-1.6634912,2.7873917,1.857631,2.5622387,1.2971338,-6.716389,0.69791144
1.6929857,3.0101411,-1.7022543,3.5145297,4.358968,2.5359328,0.75220084,-3.8188868,0.10182745
-2.0445004,3.6867063,-0.6485339,0.4892565,5.944749,2.8823736,-0.9870765,-0.3425294,1.5195963
-2.8878522,5.1778865,-1.5969588,0.20899722,3.6287177,4.156608,0.60594636,-0.75169396,1.770041
-2.4166787,0.85875773,1.793382,-1.916102,4.271226,5.120109,0.25692913,-0.40798238,0.163019
1.529229,1.1387068,2.7646077,1.3583993,0.8783821,1.3080231,2.0057628,-1.758133,-0.4987237
-2.723869,4.2889314,-0.3766585,-0.87653196,4.2512803,3.7200582,-0.7976761,-3.7727218,1.8429031
-3.2390575,4.4333997,-1.5347103,-0.63874555,4.1954412,5.63844,0.699648,-0.5403771,1.9876207
0.67830694,4.552182,-0.8071745,2.1539493,2.6540012,3.3414934,0.71998346,-7.6643534,-0.14312279
-5.117334,4.8565497,-1.3995467,-1.1075491,4.6014395,6.9873767,1.3425047,-0.43782195,1.5415297
0.95410025,4.831986,-1.2413936,3.4175575,3.0324447,4.2950177,0.9386368,-6.563394,-2.9361792
-4.727965,5.1024804,-0.8772322,-1.7859643,4.800833,7.7088103,0.6352975,-0.7045117,1.2974575
0.44908166,1.3891432,2.3575037,2.0057366,0.87268883,2.0075846,2.12818,-2.690584,-2.8059745
-1.047973,4.2725554,-1.1874378,1.6245633,3.4434757,5.556037,1.9880683,-5.4826956,0.07754607
-3.037516,2.6611028,1.0066862,-1.8670849,6.055582,4.5360713,-0.6920204,0.33940068,2.6606498
-3.309894,2.7698686,-0.88328356,-1.184427,4.9205675,4.8012943,-0.04300607,-3.163298,2.3478458
-1.114267,1.0014676,-0.49079973,-0.35368335,3.9678998,4.345375,0.6969229,-1.0329661,1.2922688
-4.825125,3.1110504,-1.2780129,-2.026496,5.2685604,6.2537594,0.9727079,-0.9623671,3.9562607
-3.7837348,3.521886,-0.68748885,-1.8220409,5.035566,4.685262,-0.1853317,-2.3657036,3.7652302
-4.016583,4.0139756,-1.6390685,-1.7042115,3.7855256,5.3286743,1.1395086,-1.4250522,4.4944906
-1.7578149,3.2545393,-1.5173827,-0.15256152,4.040642,4.306381,0.09945967,-1.9260765,1.8491927
-2.9095476,3.154474,-0.81788296,-0.4749818,6.4090714,6.1029444,-0.37623936,0.19642106,0.509954
0.88719,2.6482527,-2.2866156,3.390714,3.169484,3.8463192,2.0155952,-5.7544594,-0.6370317
-1.6174188,2.5687618,-1.8146428,-0.2290766,4.500696,5.054679,0.37349203,-0.7408604,2.055899
-3.6125827,2.794338,-0.3463785,-1.4803503,6.285553,5.132943,-0.693581,-1.9637249,2.3051357
-2.5140886,2.340315,-1.7348443,-1.2911825,4.316774,7.019121,0.83383,-1.6408496,1.8270416
0.6593472,3.0568545,-0.6104943,1.3349044,4.45549,4.5830293,0.44171187,-5.581731,0.6851767
-1.2159823,1.3954035,2.6813421,0.9883673,2.3971295,2.9975207,1.7988598,-5.0758953,-2.1940598
-3.7309172,3.688915,-0.5313963,-1.309922,5.5854673,6.1663446,-0.28413594,-1.8405282,1.0949244
-4.478366,4.7498746,-0.0032475702,-2.7792518,5.174844,5.6205015,-0.65108013,-2.3876443,3.7901635
-3.0183468,1.7390999,-0.2614377,-1.5443398,7.3702188,6.4360714,-1.0115138,-0.96496826,1.2904792
-2.5902195,2.896725,-1.1712605,-0.9093182,6.0515614,5.8561025,-0.1441969,0.7482047,2.3032413
-0.9482063,5.2017736,0.03729384,1.459082,4.2602286,3.9681969,0.46422073,-5.9801607,0.27152282
1.3230017,4.4052405,-0.9761198,3.6515484,4.0244136,1.6352736,0.11334901,-5.4528785,-0.6784419
1.1734772,4.8246746,-1.2059227,3.6518342,3.807754,2.0675175,0.44566974,-4.654688,-0.5947153
-3.033836,4.7106614,-1.18913,-1.2336212,3.5325916,5.387143,0.35219526,-2.0664816,2.4821947
-3.9165359,2.6222146,-0.53468055,-0.40870228,6.251658,4.8751636,-0.27642113,-2.5923128,0.5357511
0.41397297,2.9765482,-0.63217205,2.0001938,5.1642475,4.082168,0.43399414,-4.7039976,0.17460114
-3.9733565,4.675008,-0.8888901,-1.4950577,4.3802137,4.7469864,0.1596061,-1.8276561,3.4321454
0.102125295,5.0818048,-1.5115508,3.3189976,3.0475833,3.546138,1.4959202,-5.436102,-1.1070216
-3.261078,3.7066538,-0.46512312,-1.5783207,5.8447638,5.5937033,-0.687372,-0.9879133,2.3857117
0.5781063,5.209438,-0.6029201,2.8084838,4.0163794,2.6637223,0.19467023,-5.0392766,-0.29118413
-2.3804338,2.560043,-1.5928724,-1.2549638,5.0442586,6.660497,0.44642726,-0.15554145,2.4102588
1.8389325,2.15271,0.0060297735,2.9888775,3.60689,2.4600642,0.8158699,-5.2171774,-1.3533244
-0.14884388,4.500909,-0.3104996,1.671731,3.1531847,3.8178997,0.6574727,-8.103427,-0.29287916
-3.51333,4.0528474,-1.115507,-1.18533,4.8273354,6.9070168,0.39401972,-0.9763599,1.0869122
-4.106441,4.6315503,-1.1526755,-1.1409241,4.8375735,5.0897527,0.4465042,-0.3595018,3.213573
0.024499064,2.73722,0.9015459,2.6052344,2.2799528,3.6521904,1.6445441,-5.922884,-4.2226877
-3.8716636,3.4889512,-0.7977117,-0.51363075,5.3793716,4.222303,-0.022927113,-2.1948402,1.8342649
-3.788207,4.1402497,-1.4501866,-1.9713026,3.6340528,7.427771,1.0926989,-1.8221377,2.380655
-3.8882165,4.311434,-0.020784449,-2.3404562,5.559882,6.147989,-0.8509033,-2.1256275,2.3930657
0.20050609,6.507555,-1.8632487,3.7435522,1.7726008,2.9295247,1.7946157,-5.583992,-1.021094
-2.6125941,4.581351,-1.6036733,0.013289005,3.9571283,4.7873516,0.5150374,-0.61611587,1.5588882
-0.12459599,6.3427615,-1.7100327,3.3992596,2.336819,3.3455143,1.7744703,-4.7899475,-0.6554339
1.0900542,3.1600463,-1.4824382,2.0412874,3.4498198,5.6072726,1.2834258,-5.5763803,-0.79335093
-2.159717,2.417678,-1.0917722,-0.3139411,5.643297,5.3510237,-0.28074288,-1.1963243,0.8539977
-4.487138,2.5085115,-0.4153096,-1.2726208,6.5194774,5.711041,-0.19147205,-2.3234563,1.3773401
-1.490453,3.2316108,1.135558,0.25105214,2.9225695,1.4082875,0.5914453,0.3369211,1.4201174
-5.021216,5.804464,-0.79218537,-1.9672457,4.6955194,7.0666647,0.55536056,-0.27428088,2.358626
-1.7557728,2.869304,-1.7285703,-0.0917016,4.8655853,4.7948284,0.24535659,0.06117341,2.195668
0.45703208,3.9076092,-0.35332972,2.3349993,4.691861,2.8669472,0.037856065,-5.742215,0.04139734
-2.6130934,4.343626,-0.34560913,-0.15837577,5.3492575,3.0785778,-1.1486495,-2.0091522,1.5581782
-1.3180313,1.7518706,-1.5250759,-0.32774216,5.2559633,4.0893726,-0.13510877,-0.64047235,2.9961414
1.695684,2.5379946,-1.9949673,3.214615,4.3414583,3.3811495,1.1511513,-3.2025678,0.4103228
-3.615334,4.4266515,-0.7298178,-1.5430186,5.3000307,5.5665956,-0.23828039,-0.5228036,2.8434646
-2.4426332,2.8224323,-1.5263082,-0.4537696,4.1703672,5.6583023,0.5203031,-2.4953363,0.95652884
-4.137549,4.314361,-0.4482594,-1.0851212,6.18391,4.846114,-0.4889104,-0.32176337,2.4422965
-4.707711,2.833112,-0.46711856,-2.1940014,6.6818805,7.175913,-0.056376465,-0.92990905,2.215138
-0.5895513,3.7389061,-1.1412476,2.341217,3.8637958,3.626459,1.48644,-5.9002295,0.40560764
-4.31249,3.6920326,-0.07840927,-2.771848,5.9673014,6.451917,-0.68075657,-1.9902865,3.138484
0.3374803,2.5172102,-0.47420293,2.043921,5.2018404,3.2659843,0.27204922,-5.894864,0.43638176
-1.5208912,2.28031,-1.8924463,-0.27974123,4.174003,5.401702,0.52489233,-1.5198642,1.64236
-4.412435,4.6930876,-0.15826066,-2.3746119,5.8635793,7.5031853,-0.46725097,-0.86666733,1.6479175
0.3986715,3.0189786,-0.5954295,1.7960562,5.157213,5.3909426,0.46609217,-4.9819975,-0.948371
-2.614277,3.1249578,-1.5910245,-1.4278661,4.287732,6.9904623,0.6400082,-1.1273395,2.0500965
-2.6695328,4.8548584,-1.6933328,0.28743973,3.39197,3.6764314,0.653431,-1.1822646,2.0993388
-3.39978,1.156937,3.4921412,-2.6525743,4.1906905,4.1973615,-0.46593788,0.5428474,-0.07205372
-4.8669944,4.638394,-0.87234133,-1.6722028,4.8003573,4.948897,0.44012085,-1.4905269,3.7666962
0.71649635,3.1892974,-1.6872886,2.8275476,3.812676,2.545982,1.2714443,-4.7737083,1.3994142
-3.035011,3.8970473,-1.6528732,-0.48859146,4.202894,5.413526,0.7667739,-0.83034194,2.0069385
-2.946543,2.812879,-0.8435882,-2.0252764,5.8335047,6.1670275,-0.35833806,-0.5014973,3.3941355
-2.5945523,3.344246,-1.257462,-0.64712703,5.023877,6.0580435,0.13774931,-0.78627336,1.1119559
-2.3090382,1.248112,1.5784875,-1.5920326,4.3782763,3.7347794,0.24941614,-1.0032927,1.8636298
1.1596917,3.351979,-1.7792771,2.94503,4.2666974,4.190508,1.2389936,-3.0256073,-0.058605783
-4.074601,5.119352,-1.0181262,-1.4413499,4.728976,5.5246744,0.29154706,-0.1805354,3.188729
-1.8490771,0.5001576,1.8951706,-1.4238658,2.5692391,4.441898,0.6520977,1.2424037,-0.8734284
-4.293366,4.322286,-0.7289329,-1.1207589,5.769226,6.097865,0.07195034,-0.34486255,1.5795857
-3.8008761,2.462209,-0.97275066,-0.6507355,5.310083,4.6501694,0.24992666,-3.0684571,1.6741157
-2.832582,2.0647144,1.331458,-1.9521352,3.1415806,6.6303005,0.7852792,0.7315842,-1.059207
-2.7689471,2.6679385,-1.5106205,-1.4951621,5.1820593,7.6012917,0.5561806,-0.1415846,1.8204318
-0.35065138,4.2293506,-0.08795734,0.7461165,3.514142,4.9906464,0.6067556,-7.6201773,0.26644093
-3.9749298,4.256701,-0.9641059,-1.8108844,5.428603,6.8399134,0.23714966,0.22635439,2.6605723
1.0466999,4.1133466,-1.2070178,3.6049554,4.2181396,3.9667947,0.6731654,-4.991987,-2.565333
-3.57866,4.2136507,-0.97042406,-1.5179856,5.2293587,7.341453,0.19973737,-0.20453253,1.354794
-2.9686081,2.8836088,-1.5799423,-0.975016,5.116542,6.862399,0.68235815,-0.17795274,1.6468233
-2.4041357,3.520754,-0.9501709,0.11449841,5.769824,4.5748587,-0.46876022,-0.25720486,0.8804571
-0.47316062,4.251203,0.008833218,1.6948602,5.6512966,5.5914125,0.10643836,-4.6769714,-1.6540436
-1.8913459,4.1371503,-1.6987041,0.6082772,4.109826,4.265081,0.32213977,-0.48323825,1.0406357
-4.9762273,4.552667,-0.5964406,-1.1988037,5.4082093,4.418446,0.0839026,-1.6253465,2.9661918
-4.0990176,3.1900177,0.7346846,-1.1264554,4.475642,3.5325649,0.3138651,-2.2853775,1.7850974
-3.5178666,4.3901124,-0.7028555,-0.17484227,4.9351854,4.0053906,-0.2473073,-2.2240276,1.1243435
-2.9139557,3.5044045,-0.2789213,-0.69819355,6.102746,4.623373,-1.051943,-1.6445867,1.143964
-5.174669,4.783766,-0.4530545,-2.0648162,5.1909075,5.2524586,0.07028698,-1.7898337,3.5934737
-4.027543,2.2303107,1.8450462,-1.584198,5.204067,5.5579576,-0.1905188,-0.94402283,-1.49176
0.92245877,3.4223633,-1.8829676,2.5375674,3.510112,3.3775368,1.476443,-4.0329514,1.5361328
-0.12459599,6.3427615,-1.7100327,3.3992596,2.336819,3.3455143,1.7744703,-4.7899475,-0.6554339
-1.5780782,2.4786139,-1.8866613,-0.03740917,3.7384942,5.7311373,0.72493386,-2.2690392,0.57856447
-2.6100368,3.8871691,-1.7580916,-0.3892896,2.893797,5.328215,1.0537586,-2.8403227,1.4210794
-3.6618001,3.2151282,-0.6159074,-1.6806442,6.7428656,7.59509,-0.29803264,0.5708332,1.2901984
0.6347662,3.9013596,-1.6034355,2.2371254,3.7667034,6.0941625,1.5303458,-3.8769226,-1.0463213
-2.9711382,2.423282,-0.60984325,-0.81477773,5.606213,3.9387503,-0.6010327,-3.0624094,2.1719646
1.4023029,4.408771,-1.6514012,3.8900054,3.5913844,3.0574896,0.8945518,-4.583949,-1.5503668
-2.0804987,1.4216828,-0.79573566,-1.2288877,6.416847,5.0294447,-0.7571924,-1.1702646,2.752226
-2.778855,3.4074402,-0.67503566,-0.9057449,5.1184273,5.3749223,-0.47496346,-2.4078162,1.0324476
1.6929857,3.0101411,-1.7022543,3.5145297,4.358968,2.5359328,0.75220084,-3.8188868,0.10182745
-2.775784,3.368192,-1.8739127,-0.1119456,4.085915,3.7732403,0.82128686,-1.0430744,3.2363515
-1.4695369,3.159742,-1.8432573,0.32299274,4.1162586,4.1805134,0.32933536,-0.88262266,1.79409
1.7929882,2.9527,-2.1173296,4.090859,3.8959494,4.0254335,1.3326384,-4.261287,-2.2693067
-2.158956,4.5968976,-1.6030815,0.65356517,4.2292185,4.387287,0.2977513,-0.10355994,0.81255144
-3.4311597,2.3628094,-0.3840471,-2.1084628,5.801257,6.127211,-0.5712873,-3.0282972,2.2153766
0.25761616,3.96788,-0.14784749,2.28923,5.426976,3.6251814,-0.09418354,-4.6430526,-0.5976661
-4.9155126,4.730288,-1.1874552,-0.34529844,4.7957573,6.3692956,1.0433708,-1.2448666,0.08739538
-3.6602788,3.2136734,1.8710996,-2.2576442,4.2680497,4.5772953,0.5595282,0.88069636,2.5012784
-2.8104687,4.041985,-1.178522,-1.6920086,4.3867593,5.4392776,0.03738161,-0.92549735,3.6906
-0.32978046,6.041031,-0.40595025,3.4254992,3.5697348,2.0524342,0.38326794,-6.8158703,-1.6000762
-1.9122322,2.116967,-1.4432322,-0.37875363,5.423182,5.5869083,0.042006277,-0.7142367,1.3706672
-2.8143845,3.96911,-0.6594898,-0.34320894,4.915499,5.100583,-0.4519157,-2.487898,0.1012345
-0.4495679,3.1242514,-1.8682065,2.0904665,3.4147356,4.573069,2.2901223,-5.1054606,1.1275616
-3.4210985,5.2326226,-0.9777251,-0.75286126,4.7470407,5.9583607,0.08101644,-0.1594306,1.2046341
-2.7383842,2.9753406,-0.8746127,-0.37464318,6.3189497,5.931077,-0.36803553,-0.009889333,0.49183625
-5.1416993,2.3964064,-0.42681497,-2.0207694,6.149065,5.38544,0.14433917,-2.9101124,3.1874065
-3.6626327,4.032149,-1.1640326,-1.6197777,4.4600735,6.5251036,0.5024785,-1.4122807,2.3189263
-2.7735264,2.6184318,-0.38918084,-1.1631994,6.176856,4.739566,-0.97917724,-1.9655585,2.0550942
-0.7616645,2.8746536,2.930768,1.7585638,1.1918863,1.6150995,1.5586045,-5.3262095,-3.0651083
-3.1054456,5.984859,-1.0241593,-0.30306342,3.6536858,5.0176225,0.14465612,-1.2213031,0.9599592
-2.7288778,0.81565666,2.6343703,-2.5134323,3.3004298,4.809269,-0.007905491,-0.87638396,-0.24344414
-5.439215,5.3368497,-0.26668292,-1.8380067,6.102302,5.376571,-0.23775494,-0.09932825,3.2883549
-2.2309873,3.9797485,-1.6567549,-0.28310058,3.8605506,5.3019123,0.49614838,-1.0793186,1.5272903
1.0632488,4.655894,-1.7013289,3.238899,2.2519932,4.0299473,1.4162722,-6.793005,-1.7594802
-0.28552473,0.8151524,2.2233682,1.4967843,1.6816818,2.5606885,2.0054462,-5.229007,-2.4130335
-2.7820086,4.4172907,-1.0152622,-1.0070418,3.506902,4.1883307,0.018074833,-3.0035672,2.7379057
-3.37883,3.996588,-0.6399272,-0.34461287,5.1615214,5.374732,-0.25231028,-2.3389897,-0.09804373
-3.2663388,4.714268,-0.6839803,-0.945539,5.582752,5.0458546,-0.49817988,0.20448199,2.3129182
-3.8475912,2.2167785,-0.95561725,-2.1009352,5.8224134,7.3284087,0.29828748,-1.538572,2.270145
-4.73597,2.111902,2.648337,-3.2957778,4.4554734,6.365303,0.059401475,-1.1941098,0.008501716
-2.913392,4.0613556,-0.7449153,-0.8293971,6.0945616,4.610257,-0.6541734,0.7813415,2.851338
0.69262064,1.2517443,1.7142978,1.2457465,3.1128476,4.2120495,0.8157418,-6.554084,-3.0618672
-1.526765,5.610464,-1.3667597,2.112364,3.360095,5.1558094,2.2200813,-3.9754848,0.17081839
0.6084182,4.499526,-0.67512625,3.3837588,4.945228,3.1480446,0.16449514,-4.332939,-1.7081516
-4.5861726,3.9675114,-1.1232635,-1.246659,5.3150845,6.973665,0.77450204,-0.62853366,1.4066775
-4.395617,3.417296,-0.6646313,-1.8883427,6.466859,7.4418707,0.053949527,0.08086291,1.8419757
-3.9118605,4.1758547,-0.015709948,-2.5961807,5.5815105,6.277395,-0.8507111,-2.1366308,2.77578
-3.7642899,4.0616565,-0.2342952,-1.5777557,6.99822,5.9988422,-0.92040324,0.8945428,2.313294
-0.5075699,2.664227,-0.37927598,1.9931,5.395425,4.7541957,0.68092346,-6.1741867,-1.122723
-3.7343717,6.0040116,-1.14526,-1.9294177,3.612654,6.210686,0.4993826,-0.23399791,3.5606787
-3.7026944,3.921734,-1.2372695,-0.41030273,5.23933,5.545574,0.47140256,-0.39979896,1.3704529
-3.9562047,5.421024,1.1068038,-1.1371115,3.666375,4.124569,-0.025322147,-2.1303678,0.62165266
-1.3608218,2.2317965,-0.33736235,-0.66078544,3.7901309,3.0945582,0.40793625,-0.13753805,3.2530565
2.0838718,2.546127,-2.1741393,3.374335,3.5720212,3.1236496,1.2375329,-4.3792043,0.19357294
-4.6941876,5.156651,-0.90049976,-0.5733036,4.820654,4.23116,0.37489694,-1.2343684,2.3688502
-3.7267287,6.224135,-0.862562,-1.4299529,3.8398845,5.46494,0.12808827,-0.6901838,2.7788198
0.30321598,0.8752027,3.4848423,1.0733663,3.3789957,2.2693737,0.45855895,-3.042444,-2.4719012
-3.5221157,4.5489216,-1.238506,-1.6556646,3.5806143,5.0469065,0.52846044,-2.0847573,3.8323536
1.2756684,2.9177296,-1.7965156,2.6999276,4.366138,3.9925168,1.2023845,-2.9554527,0.6979283
1.014599,4.0895314,-0.8349257,3.5164735,4.7078714,2.5884097,0.15687522,-4.7947044,-1.3234951
-3.451067,3.969064,-0.3523119,-1.7148445,2.41845,4.766375,1.5743175,-0.96075207,3.4930503
-2.025195,1.3224038,1.6048967,-1.8053584,4.353592,2.7428129,0.015472904,-0.3598356,3.417027
-2.591752,4.4047136,-0.930172,0.2888954,5.256318,3.7630036,-0.45470342,-0.42402932,1.2568096
-2.9101648,3.2129033,-1.0658385,-1.114438,6.221758,6.191039,-0.15409592,1.1229392,2.3631067
-3.3508744,2.637943,-1.6522691,-0.31306353,4.615793,4.010926,0.81873524,-1.8774375,2.9318342
-5.2018094,3.0006669,-0.6582543,-2.1687279,5.7703204,6.334225,0.42066112,-2.3271441,2.893754
1.4731795,3.75473,-1.648022,3.771781,4.117667,2.8541958,0.81664646,-3.988501,-0.8888856
-2.0647867,1.619878,2.195311,-0.83005106,2.4116836,3.377722,0.32729256,0.8145246,-1.5680479
1.2118591,3.4430845,-2.025816,2.6962001,2.705251,4.525304,1.7174209,-5.62454,-0.32567638
-2.147724,2.7760825,-0.82307047,-0.42849776,5.59693,3.6815155,-0.75658983,-1.581748,2.3315175
-3.306765,2.788663,-1.8814244,-0.14424029,4.280157,5.9210043,1.27817,-1.8332337,0.8703501
-4.780759,5.416428,-1.376232,-0.726732,4.332032,5.8399906,1.141373,-0.19411835,1.980378
2.0117254,2.527749,-1.5780494,3.6796844,4.2116165,2.5026782,0.54019815,-5.4035425,-0.8451659
-3.7790394,2.7177975,-1.408672,-0.83167946,5.330065,5.9837027,0.7589036,-1.0935177,1.8609965
-2.2637424,2.5704095,-1.0563241,-0.9848722,5.435195,5.160142,-0.33864447,-1.198314,2.3584108
-3.638534,3.3543174,-1.3513434,-1.4074484,4.9092093,4.8297024,0.4912391,-0.8151743,4.1978645
-3.8530712,3.652075,-1.2903268,-2.0158455,4.4398365,5.516574,0.5871755,-1.421667,4.4021015
-1.505372,3.401085,-1.5602809,-0.15462446,3.6080575,3.5068963,0.037498437,-2.2331886,2.610676
-3.2255569,3.4015248,-0.45925325,-2.2404869,5.9573736,5.4457107,-0.7900641,-0.7409008,3.9740117
-3.5939214,4.176618,-0.36594194,-1.46413,6.207541,5.318145,-0.7722157,-0.15068194,2.5987442
1.268344,4.0986676,-0.87655383,2.4159768,3.3231907,2.5519826,0.30899474,-6.541337,0.5088464
1.1457695,3.5745933,-0.8089432,2.0034103,3.661793,3.2166939,0.3652639,-6.342433,0.6784271
-0.8999642,5.626599,-0.7968299,2.439223,3.6039014,5.2407675,1.3274188,-5.5279903,-1.9604776
-4.147455,4.4196267,-1.6822226,-0.32038102,4.1531487,4.19969,1.1700752,-0.7112952,3.148293
-3.7790394,2.7177975,-1.408672,-0.83167946,5.330065,5.9837027,0.7589036,-1.0935177,1.8609965
-1.4645346,4.4665704,-0.8478814,3.5539663,4.7284822,2.7070317,1.3255053,-5.6867785,-1.3443816
-2.699717,3.796378,-0.79848224,-0.64949584,6.1600547,4.390678,-0.6779007,0.77217036,2.798983
-0.5618998,4.018649,-0.17455836,1.85107,4.817375,4.9083786,0.5290262,-6.1588373,-1.3263087
-3.6295023,3.13223,-0.015162062,-1.8376184,7.491295,6.0403595,-1.2277217,0.18562582,2.3102202
0.81291115,4.5242896,-1.3419905,3.0161533,2.6757812,2.6450942,1.0314949,-6.8435516,-0.2548638
-3.402425,3.048871,-1.331564,-1.8203218,4.497786,6.512583,0.5968329,-1.8866218,2.8397388
0.7354497,5.560389,-1.1656882,3.1489007,2.6079643,3.1757684,0.8770949,-6.424789,-1.2435989
-3.297266,6.3812504,-0.70440966,-0.31162038,3.6358163,4.150556,-0.18882397,-1.8247054,1.2679518
0.7718843,4.8559656,-1.9532489,3.2785532,2.271265,4.691084,1.8294927,-5.9053535,-1.895696
-2.2930396,1.4987528,-1.623773,-1.7441393,5.339124,7.5460835,0.56006575,-0.4301997,2.5138521
-2.363834,3.7159708,-0.9508005,-0.41842285,5.437558,3.9880478,-0.5593363,-0.3347126,2.5300982
-1.7836583,1.9021262,-1.4739022,-0.28225735,5.539377,5.472151,0.012967192,-0.63033265,1.3712673
-2.262567,1.589167,-0.8034654,-1.0955342,6.086877,5.7331357,-0.5492356,-1.889928,1.5010003
-3.4169197,4.3672066,-0.40717995,-0.6168921,5.9422684,5.6241846,-0.6454369,-0.7527079,0.38222462
-3.9145465,4.106706,1.5924209,-2.6447763,2.3819187,3.856294,1.2151582,-0.3903894,4.0163994
-2.3349524,2.4037611,-0.53973883,-0.78772604,5.9061584,3.5044086,-1.018473,-2.2222927,2.7068653
-4.461054,3.7316875,-1.3755635,-0.38126662,4.8362713,5.880772,1.0588274,-1.5866648,0.8477721
-3.741569,2.9057052,0.5591168,-1.6217929,5.1310425,4.443047,0.22707924,-0.34120235,2.6957262
-3.4752011,5.2562957,-0.94587296,-1.5708861,4.0114822,6.436268,0.23502463,-1.1813647,2.021957
1.1098987,3.1419985,0.11802547,2.2405865,4.0025444,2.2244828,0.8806509,-2.6713147,1.1003395
1.5072573,4.7524514,-1.6513813,3.3179896,2.6367102,2.6962135,0.9563577,-5.553936,-0.27992022
-3.2282639,4.127814,-1.6948794,-0.983752,3.0029278,5.6286335,1.1500742,-2.5925007,2.3310103
-3.4283218,3.217623,-0.054459285,-1.8721546,7.2724543,5.3169637,-1.307994,0.13390604,3.1706848
-2.5055678,3.9434435,-1.4939551,-0.61092544,4.8542333,5.3414702,0.2419005,0.561524,2.5150428
-3.1912107,3.4381278,-1.3221838,-1.7730261,4.5120554,5.141404,0.32412082,-1.1968529,4.365865
-4.1692333,5.484134,-0.21706827,-0.7110666,4.582947,3.6636245,-0.5025074,-2.9692788,1.6931725
2.4463832,1.9418508,0.104651764,3.6669073,1.9430947,1.6751902,2.17498,-2.9102004,-1.4741547
-4.072672,3.4670303,-1.539091,-1.1747404,5.0864367,6.702937,1.0283896,-0.12845716,2.264874
-3.4673467,3.871855,-1.4288691,-0.60021234,4.0807834,5.017195,0.7035908,-2.087297,1.9754285
0.18152916,2.81971,-1.4156787,1.6648518,3.749767,5.5931606,1.6605437,-5.504675,0.11733527
1.8471943,2.351639,-1.2202319,3.3462806,4.3084855,3.090449,0.35398436,-6.4521723,-1.5136925
-4.395119,4.3595505,-0.4763338,-2.0690284,5.317767,5.077445,-0.24636877,-1.5408301,3.8411493
-2.4267814,3.2112148,-0.7963738,-0.6404736,4.5695543,5.144966,-0.36051586,-3.3525624,0.58008355
-3.076353,4.2158403,-1.0091331,-0.61826324,5.8473577,5.7271457,-0.16091228,1.0919231,1.6929202
-4.445082,5.135044,-1.5422434,-0.38494197,4.0361004,4.596914,1.1691865,-0.5736967,2.7025805
-2.5198007,6.2704687,-1.3827935,0.31138703,2.9250822,4.004758,0.39400652,-0.9639131,1.3278997
0.22306406,3.8001835,-0.68853325,3.702789,4.855866,1.5743512,0.28877765,-6.03288,-1.0224452
-4.0464854,4.9964747,-0.8207597,-0.634498,5.122722,4.416631,-0.005177848,-0.61899036,2.3316197
-2.390404,3.5915325,-0.3313288,-1.866232,2.8206503,5.0390444,1.0120351,-0.23217455,3.6268325
-3.7027817,3.32914,-0.20528157,-0.27380365,3.9928362,4.316177,1.3015183,-0.33219102,1.11765
-2.195511,3.2718174,-1.5318209,-0.4573134,5.382301,4.9269257,0.12540385,1.1437213,2.9426537
0.3844701,4.0238943,-1.4678189,2.4662638,4.5696783,5.598407,1.3381343,-2.463256,-0.7475719
-2.9644308,3.2485595,-0.82836,-0.6888269,6.08502,6.230399,-0.30049384,-0.25457695,0.66417897
-3.6783452,5.9798446,-0.84698695,-1.3805261,4.3428974,5.6770086,0.011222176,-0.095472306,2.6147912
1.097839,2.8903778,2.1492202,2.244852,0.4571007,2.3106194,1.6387138,-2.8248267,-3.5846329
-4.321716,2.7616212,3.386393,-3.0706787,1.975398,4.3684177,0.50193125,-1.4117495,0.2964099
0.59965515,2.785271,-0.9598846,2.1897929,5.3170414,5.1965,0.70216304,-3.8578224,-0.7672114
-3.7747517,4.8361583,-1.3552622,0.1742154,4.094713,3.5680892,0.65651673,-1.372178,2.06258
-6.236691,5.434732,0.0918576,-1.9996883,6.262949,5.2129455,-0.24403551,-0.94625455,3.1364043
-3.0776176,2.3414083,-1.6100667,-1.2740338,5.345421,7.2858796,0.77402914,-0.22120276,1.8840518
-2.1121342,2.9014914,-1.6240563,0.04320404,5.3730907,5.7999806,0.31265464,0.4909384,0.9085961
-4.5874753,5.23838,-0.17278035,-1.9093186,5.8153696,6.5286508,-0.47615388,-0.5606274,1.8379416
-2.0104027,3.1745622,-1.9128236,0.113957494,3.8778079,3.6727054,0.6066307,-1.2802718,2.7810915
-2.9681425,5.5038896,-1.219514,-0.39476696,2.9235566,3.980598,0.39434025,-2.3978062,2.1559367
0.2732575,5.0972,-0.7558306,2.71081,4.66029,3.176414,0.42473403,-3.163581,0.15090603
-2.5853992,4.115336,-1.598976,0.012781888,4.2133875,5.7986856,0.5919349,-0.7557146,0.4646772
2.2990952,3.8218215,-1.0690119,3.5807314,1.6052493,1.1806245,1.5957077,-4.177566,0.27424937
-2.955604,3.2181547,-0.28212917,-0.92937887,6.1891665,5.0273438,-1.0055765,-1.7361609,1.1823848
-3.1453319,4.3644023,-1.3939383,-0.83421147,5.0108075,5.6872005,0.35977873,0.8620327,2.6102462
-0.79847777,5.0965104,-0.6621532,2.994841,4.179964,4.5775814,1.0149498,-6.0496755,-2.7463055
-4.522366,3.7211435,-1.4891073,-0.08258441,4.8500047,4.340711,1.0720731,-1.3251828,2.1341138
-2.7207422,3.8095174,0.2927814,-0.8300545,3.6750348,4.8434534,0.44773656,-1.0756987,0.62184036
-3.6612616,4.822994,-0.4787106,-0.79345906,4.6104774,5.887313,-0.20745298,-2.720201,-0.0748974
-3.630106,4.481862,-0.09492107,-1.624732,5.383074,5.5481534,-0.85795,-2.3072422,1.5792844
-0.45924962,4.5709763,-0.26325423,3.0363748,5.2407103,3.0331254,0.25483567,-5.081339,-1.4231464
-2.2210298,3.000138,0.44725168,-0.6120893,4.351885,3.5013726,-0.11566151,-1.1065784,1.3742652
0.13111413,5.56402,-0.09142001,2.1149416,3.9725912,3.2078798,-0.012095429,-5.871949,-0.2842161
1.2551749,4.082827,-0.94612783,3.5392597,4.1976156,2.4377468,0.2115286,-5.5609407,-1.321569
-1.3617176,1.713513,-1.8595067,0.44575796,5.234881,5.5094376,0.39983538,-0.36148283,0.47259426
-4.5684195,4.015668,-0.23607166,-2.4041479,4.9694166,5.572751,-0.26165223,-3.4110298,3.1154816
0.64343774,5.982583,-1.3157561,2.6694667,2.3396208,3.3221958,1.0899764,-5.3719983,0.094978936
-2.929202,3.4369428,-0.38047796,-0.34596422,5.908015,4.180312,-0.91151524,-2.0397162,0.91695577
-3.9433005,5.433932,-0.006931495,-0.999534,5.673297,4.6562595,-0.99855757,-1.286331,1.4311545
-3.2138371,4.219873,-1.3500214,-0.93131196,4.916782,7.1886854,0.5158783,0.24667868,0.9578826
-4.2350945,4.7896013,-0.604394,-0.7343874,4.794114,4.646552,-0.03326247,-2.403144,1.435895
-5.1098843,3.2933166,-0.46510273,-2.1514122,6.3268404,7.1184764,0.13983199,-1.348715,2.0556164
-4.42749,5.4332213,-0.3954323,-2.321636,4.9514804,7.792896,-0.03399501,-0.9199137,1.529643
-3.3123384,1.5736642,1.6141535,-1.8344325,3.5745797,5.227012,0.22584853,-3.633108,-1.0075068
-4.005559,3.2385368,-0.48037857,-1.2642161,5.3575735,4.6212983,-0.29053116,-3.2988625,2.1514032
-3.225203,0.6429688,1.6163471,-0.92617786,2.059666,3.7402222,1.6301978,-0.39874956,-0.8280228
-4.326518,4.653681,-0.60851187,-0.4253159,4.8042574,5.44226,0.14453858,-2.8073573,-0.13320708
-2.4675171,3.1655862,2.3238497,-1.1207441,1.278562,3.7823355,0.71554416,1.0289372,-1.4914886
-3.7027817,3.32914,-0.20528157,-0.27380365,3.9928362,4.316177,1.3015183,-0.33219102,1.11765
-0.65994346,3.6535542,-1.7910515,3.9827468,4.0064387,3.5571404,2.0579448,-5.52118,-1.9375439
-3.9497948,2.5315683,-1.2777635,-0.9389304,4.8574457,5.19071,0.71423423,-2.8574111,2.1779795
-4.277408,3.0669367,-0.15202029,-2.4807582,6.5127473,5.650195,-0.682266,-1.4111972,3.7808838
-2.892404,3.3618581,-0.6029255,-2.0319865,5.2221646,5.01266,-0.6730221,-1.8372718,3.7989035
-4.036917,3.7162771,1.3047105,-1.9955133,3.0023587,6.9130945,0.9101844,-0.8695907,-1.372251
-4.4071126,5.442186,-0.18581124,-2.027652,5.7349963,5.5671873,-0.6673869,-0.21516904,3.191316
-4.6361027,1.470882,2.3896534,-1.3216853,4.128246,3.6387475,0.4888675,-1.7185986,-0.99639684
-2.0707815,1.9903736,-1.793178,-1.01527,4.3459663,6.688594,0.7467474,-1.6692947,1.6803255
-3.218351,6.1706223,-1.3810375,0.28117797,3.3348663,4.123371,0.6250297,-0.60750574,1.441112
-3.0955114,4.435531,-0.72654825,-0.9559816,5.662388,4.842576,-0.5420202,0.25581947,2.6282525
-3.3915179,3.6408021,-1.0542527,-0.9599477,4.6901245,4.9453154,0.16511956,-2.06785,2.2841716
-4.9757023,5.021903,-0.016554784,-2.2509403,5.706935,5.1590548,-0.6021775,-1.6036502,3.4854207
-4.3475823,4.9171896,-1.5656744,0.30546382,4.2527533,5.4099326,1.2755208,-0.7655453,0.41594064
-3.100413,1.8358217,0.47281814,-2.239411,4.669036,5.705221,0.33285555,-1.7025836,2.2768967
-5.808658,3.7593045,-0.7519651,-2.2868254,5.868426,7.58302,0.78836435,-1.1114181,2.3484445
-0.42116034,5.074779,-0.8672659,3.617602,3.9778001,3.9344256,0.9713157,-6.4257126,-3.2658343
-3.919356,4.5249314,-1.0202079,-1.2383302,5.245559,6.223714,0.27765962,0.081937104,2.1606336
-3.9211676,2.972889,-0.16632064,-1.5117646,6.794743,6.5218883,-0.70822394,-1.4229991,0.85364336
0.94775045,4.20205,-1.6186019,1.9219818,3.2199514,3.9930325,1.2832578,-3.774662,1.8386049
-3.1364002,1.6515604,1.9829637,-2.023784,4.315951,5.670063,-0.120572396,-0.5381204,-1.0457532
-3.7369843,0.098338954,1.8253695,-2.2060428,3.6278691,5.3034678,0.9746512,-1.2419835,-0.1013233
1.2604159,3.676569,-0.31552982,2.7549546,2.9891205,3.0330508,1.4382216,-3.360533,-0.49434608
-2.7178464,3.3883202,0.42312878,-0.16228595,4.3863087,2.5223405,0.028936587,-0.8561627,1.6435959
-2.4178164,3.233561,-1.2809508,-1.0059094,4.9961996,5.396078,-0.007479407,-0.5635906,2.633656
-5.0399456,4.001837,-1.1483458,-1.0496552,5.667012,6.4567056,0.8776222,-0.13932309,1.8093002
-2.4859285,3.1746984,1.7597576,-0.580752,3.9246144,2.6396236,0.13314748,-0.49598965,0.81564564
-2.7217755,2.7253978,-0.6792745,-1.67829,5.4614344,5.5363903,-0.56719464,-2.0717902,2.5871577
-2.5537531,3.370413,-1.4231902,-1.2329093,5.3859243,5.45172,0.16501531,1.2032698,3.8905067
1.3028829,2.7671895,-1.4707038,2.595823,4.730546,3.1092417,0.7560619,-3.2059731,1.347467
-3.5270724,1.1046444,2.9357095,-2.5794358,2.6094174,4.3253193,0.59552956,-0.08218703,0.08157701
-2.7221937,4.4741693,-0.24406786,0.27927622,6.1878047,3.0280051,-1.259146,-0.61647636,1.1674349
1.7339078,1.4574631,-1.1666137,3.3775778,5.4516497,3.6007128,0.30077288,-5.307264,-1.7857555
-4.510502,3.6001315,0.06606643,-2.1844313,7.035881,7.4194202,-0.7646721,-0.78022677,1.1752768
-2.9334693,3.6135318,-1.2861954,-0.5454322,4.676245,6.1370406,0.37066403,-1.3576301,0.68607384
0.83533514,3.6154711,-0.67109054,2.2720873,4.7422347,2.928674,0.16351584,-4.6453524,0.791077
0.94895184,2.8054943,-0.63774973,2.0484462,3.0443757,3.7460482,1.99769,-2.848734,0.889945
-4.1884265,4.2121673,-1.310676,-0.97931874,4.305644,5.58377,0.8405279,-1.7491621,2.1498263
-3.2654743,3.0132265,-0.8990083,-1.0532824,4.6715293,4.509332,-0.037252627,-3.3644853,2.3209949
-2.728386,1.4292791,1.0936157,-1.2036254,4.181889,5.937523,0.4331247,0.48993847,-1.5865006
-4.560848,2.8762445,-0.46902877,-1.4103664,5.853152,4.1675057,-0.11831292,-2.764932,3.2414541
-3.7318654,5.747501,-1.1413778,-1.4587234,4.0627503,6.970129,0.5365945,-0.026768772,1.8695705
-4.412308,3.180847,-0.17459686,-2.2991812,6.1551104,6.8494606,-0.44194934,-2.3359652,1.8328435
-1.1982685,2.8028553,-0.42450458,1.973837,5.1327643,3.4896715,0.99615747,-6.5136843,0.33743572
-0.73490906,5.893232,-1.6487019,3.2205334,2.9059532,4.166624,2.024541,-4.519307,-1.0405877
-4.2940593,4.2454495,-1.1214002,-1.2062076,4.93892,6.7709265,0.677799,-0.9122873,1.3823433
-1.1183075,4.732722,-1.4946854,2.297806,3.732852,5.3362927,2.1708062,-3.9242313,-0.23814029
-2.3813152,3.2423878,-0.5061835,-0.9382471,2.7932813,4.645108,1.2743803,-0.7232148,2.250344
0.792382,4.5453243,-0.3807996,2.5515525,4.19492,2.2441945,-0.13279358,-5.940954,0.13983464
-2.6562471,2.444421,-1.0007676,-0.8225391,5.8740396,6.0504475,-0.18683723,-0.9726358,1.1450117
-3.7319787,4.7995367,-0.659733,-2.0406358,4.2324452,6.7171597,0.056708716,-2.133841,2.0411367
0.6955956,3.868964,-1.4159083,1.8648014,3.0844216,4.0865955,1.2823659,-5.404866,1.185845
-3.2628634,3.1799428,-0.9053101,-0.3588054,4.8999577,4.0411353,-0.05453778,-2.9824085,1.5437229
-3.3914785,1.8192308,3.284872,-2.3770592,3.6526453,4.265891,-0.20999545,1.0516661,-0.44986826
-3.446958,3.1880434,-0.3336218,-1.3328197,5.5197372,6.03848,-0.5569384,-3.1617522,0.5670316
-4.086768,4.9519725,1.0966482,-1.773784,3.5557709,4.1901164,0.06680746,-2.4521263,1.7919543
-2.20892,1.9128004,2.3164182,-1.1536139,0.9644302,3.2446735,0.9509281,0.28547248,-1.1215603
-3.5377119,4.820091,-0.5813969,-1.4174676,5.890049,5.312113,-0.57658035,0.78073865,3.069418
-2.4034429,2.868753,-0.91519153,-0.20417365,5.259119,3.3424737,-0.5135356,-2.1740212,2.187119
-3.80119,4.9274774,-1.5693201,-0.5529549,3.6978357,5.317538,1.0134567,-1.1780319,2.027313
0.81529367,2.7882044,-1.8754687,3.1048572,3.0539954,4.2365894,1.7556291,-6.8490396,-1.331747
-2.650867,3.4005349,-1.4644696,-0.40216097,5.498555,6.475928,0.34041402,0.84299684,1.012852
-2.7505713,5.6156564,-1.4070448,-0.66359854,3.312697,4.8342004,0.397109,-0.7524255,2.5406914
-2.4746797,1.2250582,-0.44580668,-1.6555045,6.6866636,5.7679152,-0.9260678,-2.0322933,2.132306
-2.3504121,2.3687828,-1.0603478,-0.54283035,5.6408396,5.951558,-0.18829685,-1.3713971,0.6013048
1.4227419,3.0666745,-1.8981694,3.0934827,4.1375036,3.9347906,1.2373941,-3.3589644,-0.06656044
-5.1173654,4.552229,-0.9244779,-1.9760786,5.3491354,7.8489895,0.76002896,-0.31441686,1.7963641
-2.5034633,3.276334,-1.2300196,-0.6668,5.4288034,5.5423336,-0.053119846,0.0043146927,1.9266291
-3.664081,5.173,-1.271538,0.18211862,4.161397,4.0336895,0.5120615,-1.1189303,1.4839696
-3.4497998,5.432184,-0.937391,-1.4844052,4.276076,5.761491,0.060120903,-0.49366692,2.7399855
-3.1851492,4.4360676,-1.2659644,-0.9457917,5.4478054,6.3005195,0.21880037,1.5181221,2.2356591
-3.3725543,3.7754817,-0.23089905,-0.9947053,5.6154275,5.9486847,-0.7326115,-2.6528594,-0.04478722
-4.6283946,3.1341355,-0.3261512,-1.9750315,6.026573,5.5289693,-0.27551505,-2.4655333,2.7764366
-2.9247189,4.174815,-1.3547465,-0.046066076,4.2989216,4.7949834,0.3706601,-1.4384433,1.1246222
-5.0498385,4.1189485,0.31498998,-0.9069015,4.7362695,4.3696957,1.0710927,0.14731815,1.8852117
-3.9124234,4.237508,-1.178591,-1.4529163,3.7428849,7.0571933,0.90079874,-2.721945,1.1054246
-2.0169384,1.1628174,-0.8372869,-0.80479586,6.5005903,5.4569416,-0.63173497,-1.4247384,1.4453446
0.32880437,6.257872,-1.1010141,3.5754092,2.7493212,3.33759,0.910991,-6.11558,-2.311965
-2.086822,2.3484282,-1.3655838,-0.42437539,5.666885,5.6092224,-0.027957864,-0.19928542,1.510361
-2.7954354,4.267614,-0.98763853,-0.1541309,4.9768276,3.6215067,-0.31108055,-0.87969303,2.2579331
0.26612365,1.0205774,2.3105655,1.2420323,4.2829494,4.2115774,0.71933454,-2.7634923,-2.9967623
-1.6214514,1.2149526,-0.944068,0.076525375,6.2573423,4.7954016,-0.5885849,-1.7835234,0.40259022
-0.9586047,5.350348,-0.06824608,2.0973756,4.3741517,4.9525256,0.562395,-6.2496204,-2.1147223
-1.37171,4.76887,-0.097330526,2.2169192,4.9925385,4.5182424,0.71195203,-5.728136,-1.5698735
-4.355724,4.3341737,-0.05384655,-2.1190097,5.4325075,6.5782337,-0.5174619,-2.6716013,1.4153689
-0.2280916,5.820735,-0.63926405,1.3719,2.8671007,4.5852532,0.97501373,-5.642182,0.6315507
-2.2665951,3.2163627,-1.6997124,-0.45140693,4.097175,6.4481807,0.6691254,-1.465099,0.63997304
-4.720181,3.9894407,-0.30144674,-2.4909961,5.930326,7.60888,-0.15791422,-1.3642226,1.8836558
0.96156704,5.452521,-1.8986605,3.2244437,2.107143,2.8535168,1.4875315,-5.1655183,0.24418885
-0.6849754,3.6489046,-1.1278089,2.7268636,4.5252657,3.579512,1.3974978,-5.045969,-0.08611982
-3.1077323,1.2124141,1.6659864,-2.396073,4.3142347,6.832179,0.4119287,1.2376477,-0.59795576
0.22187042,4.2140574,-1.9586428,3.0281608,2.9149668,3.5753381,1.9318655,-5.093893,0.18771678
-1.7956997,3.167843,-1.8105656,-0.5446098,3.3361342,5.4835134,0.6611188,-2.3030157,1.7112513
-3.8756456,3.169463,-0.6155513,-1.5850712,5.5459185,6.394478,-0.094018735,-2.2909641,1.4289085
0.5552095,3.4843001,-0.89226454,2.3635607,3.7790675,3.218793,0.7136773,-6.653886,0.053781636
1.1734772,4.8246746,-1.2059227,3.6518342,3.807754,2.0675175,0.44566974,-4.654688,-0.5947153
-0.9696977,1.6829469,-1.6716677,0.5261861,5.1326647,3.7789662,-0.07897813,-0.9933886,1.6615644
-2.160084,3.693243,-1.6526322,-0.4766464,4.1638613,5.1773252,0.39628878,-0.65423584,2.2043004
-3.4778793,1.9804589,-0.39176565,-2.0592058,6.293956,6.1092196,-0.5989837,-2.5093648,2.360843
-1.2295916,0.772053,1.7069988,-1.1909255,1.1074368,3.8609774,0.9166811,-0.8806046,-0.98442525
1.0737191,3.402017,-1.7246388,2.0649192,3.673498,3.7281313,1.2832265,-3.531385,2.0463533
-4.1309075,3.4957964,-0.75472766,-1.1672246,4.868669,5.5784473,0.21529579,-3.2330945,1.3327041
-3.311363,2.1020615,0.94203097,-2.6684449,5.199801,6.2335424,-0.15813676,-1.6960298,1.9366505
-3.8619366,4.046784,-1.2297825,-0.93961275,4.79698,5.8616714,0.5785035,-1.0019777,1.8933191
-2.9835625,3.5736814,-1.4644556,-1.8665382,3.9406958,7.747117,0.77705395,-1.5272101,1.8740718
-2.7467294,3.9850545,-1.7786052,-0.4507759,3.1349955,4.7512074,0.9439982,-2.2540238,2.3085616
-4.891279,5.8163924,-0.02674384,-1.267646,4.8956513,5.081868,-0.3894408,-2.6446118,1.2221998
-3.2599688,2.8302202,3.012409,-2.242985,2.2770445,4.5524874,0.41756013,1.679501,-0.6015193
-0.8556117,2.5199316,2.8860495,1.5239376,3.8101723,3.0691216,0.7032286,-3.5334547,-3.37534
-3.3844686,1.5140465,3.094038,-2.4273791,4.046918,4.6583977,-0.21376178,1.0873138,-0.4104753
-0.082630984,5.740167,-0.9822677,2.7449436,2.854091,4.8352995,1.1773115,-6.452198,-2.3355842
-2.129481,3.425584,-1.2835475,0.497349,5.6866684,4.5658875,-0.19039905,0.5171927,0.80921865
-4.067412,1.808706,2.3695786,-2.3573296,2.8921204,5.0465126,0.7842938,-0.719994,-0.36914593
-3.3985848,5.5422015,-0.95614177,-1.0931848,4.2577286,5.658413,0.079080634,-0.53870267,2.0532236
0.99189913,3.2852545,-0.88533527,2.2171035,3.8176718,3.274454,0.5104109,-6.4758663,0.27857953
0.9434751,5.20853,-1.1584888,3.7716153,3.686875,3.0461342,0.5739045,-5.0028605,-2.0568793
-3.5702348,2.2817616,-0.60949856,-2.112977,6.0394325,7.0683722,-0.23221296,-1.9608046,1.9175215
-4.5217457,3.33376,-1.0306658,-1.5057981,4.8741236,6.4651337,0.7133067,-2.5833483,1.7233057
-2.8971677,2.94928,-0.62029964,-1.0216496,5.814911,5.970262,-0.51905614,-1.7185535,0.84661734
-2.529382,1.1269964,2.4980488,-2.7017825,2.3084095,5.1006403,0.35524806,-1.0909592,-0.13141674
-2.8685403,3.9080074,-1.4566063,-1.5554007,4.593601,5.7198253,0.3591803,0.20195273,3.8934503
-4.1584473,3.9375832,-0.4248138,-0.51605034,5.582391,3.8455946,-0.38156936,-2.5586874,1.6060455
-5.646771,3.2409916,-0.48162442,-2.5880828,6.190411,7.424791,0.39623985,-1.7414639,2.566915
-2.8296452,4.526126,-0.87206227,-0.39264557,4.8477936,4.7278695,-0.31917316,-1.103458,1.3106564
-3.958778,1.3011216,2.2379029,-2.8334107,2.5033162,5.9528847,1.4346918,0.7431656,0.3435685
0.6308123,4.701074,-1.4619956,2.4321907,2.441731,4.592329,1.4508162,-6.3292723,-0.7813578
-3.585706,3.8692515,-0.6192886,-1.2505903,6.390667,6.7850876,-0.35551038,0.5218142,1.2087493
-2.079876,2.4314744,1.4666895,-1.8906513,2.8952992,2.644127,0.45169124,-0.89551634,3.5842764
-5.0058284,4.4546323,-0.52050966,-1.8097771,5.332734,5.280194,0.079594515,-1.8230866,3.1244612
-2.1121342,2.9014914,-1.6240563,0.04320404,5.3730907,5.7999806,0.31265464,0.4909384,0.9085961
0.71013033,1.9337021,0.534457,2.256366,4.497154,3.40761,0.82229376,-5.2650747,-1.385694
-3.7905142,4.1368265,-0.114142135,-2.089565,5.09207,6.266959,-0.6286767,-3.089116,1.5928645
1.1134714,3.1049993,2.0943272,2.2235868,1.245101,2.1458037,1.466509,-3.9946728,-2.8846507
-4.1073112,4.703126,-1.569524,-0.16866079,4.6558604,4.33668,0.9309193,0.25193956,2.8412607
-3.0402,3.744773,-1.5014035,-0.67836857,3.3856692,4.382102,0.72102416,-2.9406526,2.6028879
-2.8568335,3.9277017,-1.2908918,-1.1805081,3.6096876,6.0216694,0.4992911,-2.6011071,1.7005545
0.80457354,4.684261,-0.77469736,3.532192,4.44866,2.936729,0.20595324,-5.0061255,-1.893002
-3.0302444,3.2325275,-0.79429346,-0.4516653,6.508702,6.380684,-0.3528628,0.27973,0.17570531
1.3879744,-0.24859074,2.3052502,2.2562292,3.4494803,1.7159557,0.55124325,-4.5322704,-3.1330729
2.2488463,1.9675188,-1.0439401,2.6484416,2.1817763,3.476103,1.9435521,-4.6063633,-0.2199122
-5.8859134,5.2985735,-0.28168446,-2.0765238,5.89604,5.4762383,0.029609539,-0.5725557,3.6039774
-4.230404,5.3229427,-0.7330499,-1.685653,4.213129,5.236328,0.15487283,-1.7731222,3.1117704
-1.478307,5.2198157,-0.28852755,1.8528377,4.50453,4.8295403,1.0290626,-5.1408186,-0.706539
-1.6692808,2.0786552,-1.1787422,-0.26183328,5.7703457,4.1223397,-0.5096506,-0.7575807,2.3024964
-3.1489558,1.9847546,2.494257,-2.3274791,3.1965773,5.232159,0.18299532,0.3485038,-0.65775925
-3.2141056,4.7197413,-0.454068,-1.1811122,5.2526197,4.4408717,-0.7722462,-1.1002678,2.6667457
-4.41773,5.1700993,-0.2552461,-2.3046029,5.150418,5.9446707,-0.40676996,-1.358315,3.1140862
-5.646771,3.2409916,-0.48162442,-2.5880828,6.190411,7.424791,0.39623985,-1.7414639,2.566915
-3.4549615,4.7081804,-0.13322611,-1.2243643,5.2171035,4.944045,-0.9030609,-2.351068,1.4118648
-2.355888,1.6692601,-1.0255622,-0.89376307,6.425281,6.327656,-0.30464703,-0.5313862,1.2069135
-4.338329,2.9738638,2.2658303,-3.2851386,3.6624455,7.0197697,0.24134201,-1.3224658,-0.27441102
-2.6797385,4.4716973,-0.6666147,-0.98878574,3.9100187,3.9337065,-0.4788302,-3.2106068,2.4091187
-2.4979568,3.4695587,-0.3462196,-1.2287378,3.0512362,5.82555,1.1889791,-0.35931507,1.4996545
1.155697,2.1530187,-1.0930212,1.850824,5.01472,3.785742,0.5496366,-4.067163,1.5072703
1.9701858,1.6310073,-0.93415934,3.4803123,5.0907,2.402861,-0.03847591,-6.4338427,-1.3263648
-3.7631197,3.696245,-0.2672134,-1.8762408,6.8996153,6.4509006,-0.81937087,0.4690005,2.3602493
-3.6877093,1.9798559,1.7565436,-1.6065603,3.8992715,5.0029,0.14579782,-2.8652477,-1.3012223
0.8807285,2.9979398,-1.223944,2.930701,4.5739555,4.3408756,0.8495064,-5.0073977,-1.4301984
-4.7889743,4.0020075,-0.7598718,-2.5225823,4.8675222,7.2590556,0.50829005,-2.0393856,2.7503347
-2.4776626,2.5103445,-0.9362102,-0.983955,6.2789474,5.402013,-0.49209574,0.026871832,2.3848433
0.5578629,1.0880349,0.9723838,1.421805,1.656384,4.730342,2.2711544,-4.6438746,-2.7015147
-2.6278696,4.4608445,-1.2198619,-0.8840703,4.221257,4.745475,0.006763153,-0.94985276,2.7880461
-2.5034633,3.276334,-1.2300196,-0.6668,5.4288034,5.5423336,-0.053119846,0.0043146927,1.9266291
0.7895372,4.0608673,-1.2756478,2.910277,4.7474666,3.176504,0.7228802,-2.6165285,0.5610727
-2.7161121,3.416447,-0.7727148,-0.5471766,4.987982,4.4871235,-0.43561444,-2.5084481,1.344608
-2.062005,3.4016259,-1.5885001,-0.5029807,4.8982363,4.528458,0.1549244,0.60948044,3.3114595
-2.364019,2.542137,-1.8786219,-0.61968255,3.7868829,6.0076337,0.97000676,-2.3163257,1.4914865
-3.424455,4.262836,-0.71946555,-2.1513424,4.5562935,6.543782,-0.0914847,-1.7984829,2.6202383
-2.7453582,2.4439638,0.91437775,-1.9595422,5.7969446,3.874078,-0.7296884,0.082332045,3.5740118
1.5009445,4.85619,-1.6933339,3.0711462,2.1155968,2.4878795,1.0549245,-6.2232094,0.3117643
-5.346472,3.1283631,2.813653,-3.1307821,4.876519,6.4493737,-0.017272063,-0.13674805,-0.30171305
0.5779438,3.4934874,-0.24219067,2.0602481,5.358493,2.880728,-0.19535968,-4.698229,0.7508668
-0.52550495,3.9627135,-1.1407555,2.2896996,3.709818,2.9600637,1.3913531,-5.8008003,1.2235558
1.5545462,3.9711428,-1.7242553,3.3335779,2.76096,4.4456043,1.2295045,-6.350602,-2.2628005
-0.7622055,3.3146174,-0.55767304,2.8435872,4.9045644,3.1043172,0.85090375,-6.6761255,-1.0271351
-5.124196,3.8069758,-1.2986485,-0.8381213,5.248624,6.012687,1.1420159,-0.9737275,1.804923
-2.5314064,3.307626,-0.29968148,0.0470604,6.7051697,3.7582643,-1.2664738,-0.6620734,0.931145
-3.0971859,3.379163,0.97234935,-2.7603688,3.9567153,4.5589776,-0.2729855,-2.2907605,3.6159286
0.50080025,5.9410834,-0.29998547,3.028569,3.684517,2.0297422,-0.122642376,-6.0936866,-0.8268536
0.6760999,2.8183262,-1.0735162,2.8200037,3.858674,4.000858,0.9415325,-7.357579,-1.6784945
-3.055378,4.4964223,-1.064582,-0.71137524,5.102971,5.663858,-0.017904826,0.105210215,1.6603856
1.0050606,3.0950606,-1.1622667,3.1905005,5.066243,4.2789774,0.62527466,-4.1452537,-1.7796915
-4.593375,5.2433734,0.65448266,-2.2311149,3.5865383,6.092931,0.794117,-0.7121227,1.9129081
0.26007688,3.753287,-1.745496,3.166048,3.149306,3.3115327,1.6970527,-6.050584,-0.36130798
-4.0874696,2.2174418,2.6605325,-1.1962647,2.3788002,3.202872,1.0908344,0.9565776,-0.87696546
-3.1033816,3.7034292,-1.3205601,-1.5787709,3.8820128,5.6603575,0.49048564,-2.1932206,3.0833993
-3.100413,1.8358217,0.47281814,-2.239411,4.669036,5.705221,0.33285555,-1.7025836,2.2768967
-4.723837,0.5740168,2.3081117,-3.0764315,4.2484007,6.0288863,0.7994442,-1.2691728,0.48968917
-2.3427873,3.1669173,-1.072622,-0.13005292,4.99247,5.346742,-0.14583912,-1.8806115,0.18786824
-2.7786915,3.3478806,-0.5885814,-1.62236,5.6558924,4.5973606,-0.81352484,-1.1231294,3.6270392
-3.2434173,3.8643405,-0.67585725,-1.0397099,6.427988,5.728481,-0.5477141,0.88673073,2.0651903
2.3202028,3.1012752,0.30993432,3.254278,1.258588,0.2329816,1.6456436,-3.8593118,0.14055496
-2.2266278,1.0900364,2.7737107,-1.9710146,2.0552242,3.85817,0.42161378,0.86740464,-0.4929573
0.87466025,4.5473704,-1.0715461,2.763202,3.5736804,3.7792346,0.71343017,-5.3699036,-0.8713482
-3.2393239,2.2483685,-0.9521255,-0.6344451,5.5956616,4.31348,-0.076865725,-2.455648,2.129753
-0.65790236,4.571064,2.5735564,1.32679,2.498542,3.8398056,0.6745035,-5.187232,-3.826665
-3.2954721,4.1386085,-1.3521476,-1.1258858,4.8351955,7.571108,0.58710086,-0.010903744,0.871833
2.2488463,1.9675188,-1.0439401,2.6484416,2.1817763,3.476103,1.9435521,-4.6063633,-0.2199122
0.4954244,4.241694,-0.5984799,3.2364252,5.6078453,2.4067142,-0.0036032572,-3.13311,-0.33300763
-0.44040835,6.4335713,-0.942637,3.124005,3.0114,2.7306514,1.0511724,-5.4867,-0.5982992
0.8774303,4.2023234,-0.7088302,2.7067554,4.4650097,2.4365225,0.12480291,-4.7735767,0.3820243
-3.0041099,4.3772564,-0.9147071,-1.6135197,3.934062,4.7266455,-0.09769473,-2.3461716,3.492703
-3.3976185,3.4884374,-0.44616574,-1.4770385,4.9374475,4.2705846,-0.57217014,-3.4248939,2.7810447
0.9683851,0.8018958,1.6607469,1.9402875,3.8156621,3.7579892,0.7672305,-4.2213736,-3.5163403
-4.852652,5.839174,-1.3102201,-0.8857473,4.2575474,5.3756695,1.0335835,0.13227168,2.7991965
-2.1982586,2.0791047,-0.80588144,-1.2564603,5.703725,4.8711767,-0.670154,-1.9096696,2.6712317
0.13544667,3.8238091,-1.9919634,3.6581576,3.7431066,4.3298054,1.9559574,-4.488555,-1.6824975
-3.7915814,3.4823465,-1.0839585,-1.0498711,4.8250265,4.976926,0.34640074,-2.0851908,2.5282998
-0.27666724,4.2761636,-0.18961354,2.4497738,5.1692038,3.6067414,0.20997486,-5.1866374,-0.9393013
0.81536996,3.2711403,-1.4594781,3.2858171,3.610249,3.5170884,1.1561722,-6.488353,-1.4038967
-4.7918124,4.523501,0.014855314,-1.8503088,6.6838355,5.464423,-0.8049291,-0.47672972,2.702394
-3.8564296,3.6246402,-1.3864177,-1.0370313,4.8079348,4.4924393,0.6113013,-0.9248281,3.8195672
-0.52550495,3.9627135,-1.1407555,2.2896996,3.709818,2.9600637,1.3913531,-5.8008003,1.2235558
-3.5822458,4.3802137,0.9944778,-1.0795621,4.5379357,4.9763174,-0.15197355,-1.5908154,-0.06922942
-3.5406377,4.611465,-0.8880258,-1.2716075,5.7464685,6.3429093,-0.10708187,1.1066052,2.2162733
0.28513515,4.28346,-0.86475354,2.225342,4.2977314,5.5958414,0.8368834,-4.7860656,-1.7172421
-3.1003299,5.368608,-0.7643731,-0.47186843,4.682414,4.3462753,-0.40013102,-0.76536447,1.8061631
-2.3470788,2.7870343,-0.43148595,-0.6660993,6.1093516,3.835645,-1.1608441,-1.7523587,2.079291
-2.8180737,2.2010188,2.695185,-1.1204418,3.374884,3.1729136,-0.39785197,-1.0258781,-1.5844973
0.9381064,3.5563767,-1.4314368,2.8216212,4.232034,4.9263606,1.0718554,-4.222407,-1.3747859
-3.2841744,4.9298444,-0.6826536,-0.95545864,5.3776197,4.8921824,-0.48943046,0.04879096,2.4252834
0.10310758,2.4798992,-1.7259518,2.5430677,3.5740266,4.776454,1.9562236,-6.347422,-0.64408314
-4.2974877,4.2282863,-0.7148562,-0.2071819,5.304432,4.260469,0.064120196,-2.0707302,1.0956242
-1.6214514,1.2149526,-0.944068,0.076525375,6.2573423,4.7954016,-0.5885849,-1.7835234,0.40259022
-0.5075699,2.664227,-0.37927598,1.9931,5.395425,4.7541957,0.68092346,-6.1741867,-1.122723
-3.688092,2.826757,-1.1509416,-0.16467789,5.5434875,5.286566,0.4196482,-1.6921103,0.6852052
-2.7307138,3.3769495,-0.75141317,-0.7577479,4.8053503,5.1150503,-0.36551887,-2.9197717,0.9418248
-4.1332145,1.9690965,2.7518096,-1.9409052,2.039284,3.8259797,1.1647446,0.37816313,-0.34667307
-3.7995806,4.516892,-0.116356924,-0.7371141,5.849897,5.7328277,-0.77000356,-1.9413265,-0.2586363
-3.4218578,4.1028457,-0.38442224,-0.75493336,6.3173647,5.715617,-0.71811056,-0.29132637,0.7122384
-4.913322,3.9484458,-1.4531177,-1.2707781,5.1250257,7.2887506,1.3030145,-0.14825115,1.7734133
1.0668126,5.347853,-1.5473474,3.0992372,2.256153,3.4641743,1.1652832,-6.052885,-0.88063675
-2.19801,1.20225,2.529223,-1.1486448,2.9732945,3.471408,0.22412255,1.864909,-1.0643306
-3.0635595,4.979926,-1.0678589,-1.2478968,4.25173,5.2436643,0.022749685,-0.6776149,2.9039445
-3.4099755,5.034097,-0.71448,-0.7248415,5.1998215,4.95304,-0.3492505,-0.31541535,1.8219768
-5.1104903,4.427836,-1.5176069,-0.5659789,4.853117,6.3876534,1.4548635,-0.35710797,1.3198073
-2.4260957,3.8016837,-1.2451832,-0.819556,4.866906,4.699671,-0.11624505,-0.2773023,3.000655
-4.0481176,4.0199423,-0.8594909,-2.0406954,4.535244,6.1830482,0.293695,-2.2078671,2.9121165
-3.3829918,3.5182025,-0.72406286,-2.1154592,5.702712,6.5685186,-0.29716942,-0.44910797,2.9966521
0.2976712,4.4400434,-1.0110699,1.946045,2.832053,5.4517565,1.2556583,-6.993586,-1.4187348
0.87466025,4.5473704,-1.0715461,2.763202,3.5736804,3.7792346,0.71343017,-5.3699036,-0.8713482
-2.5877693,4.0470624,-1.2645731,-0.67179394,4.337463,5.346101,0.1320807,-1.251205,1.7092768
-4.4650273,3.532728,-0.506957,-1.8606702,6.150323,5.7795587,-0.19495553,-1.0109202,2.9651985
-2.074087,3.1030958,0.7015552,-0.6726283,3.7449973,2.7893987,-0.33611426,-2.7230976,1.361496
0.52794933,4.405077,2.0462594,1.4997903,0.29694933,3.5250072,2.1660454,-2.6374269,-2.4252386
1.8904319,1.9102019,1.279809,3.2568085,3.3231056,-0.09347348,0.9090357,-3.8640225,-0.55772245
-5.589002,4.876087,0.83741087,-1.9947697,4.7216077,4.742546,0.654703,-0.2568018,2.838695
-0.073691,1.963601,2.8728325,1.6320374,4.148789,3.0135612,0.3633159,-2.8991258,-3.4463234
-5.6930513,4.603209,-0.74356633,-1.1219441,5.689934,6.6691666,0.7340139,-0.9438576,0.9371496
-0.21355474,3.824002,-0.82741314,3.3872411,4.9695263,3.3507822,0.789363,-5.2183356,-1.7660487
-1.9477603,3.1032813,-1.6679711,0.016929954,5.00009,5.125248,0.265371,0.24697796,1.6169834
-3.4662938,3.971453,-0.6178562,-0.50100136,5.7301855,4.2165003,-0.47787127,-1.1140978,1.8484203
-5.313761,4.097463,-0.2131166,-1.40318,6.372757,4.541545,-0.2711365,-1.4215199,2.8977094
-4.2998705,2.5668077,-0.50595623,-1.7108655,5.4575233,5.9075,-0.015731461,-3.8734646,1.614922
-1.2723889,0.27375686,1.2428292,-0.76384354,2.3779037,4.2406244,0.75857306,-0.071974546,-1.3438689
-3.5178666,4.3901124,-0.7028555,-0.17484227,4.9351854,4.0053906,-0.2473073,-2.2240276,1.1243435
-3.320737,3.7387662,-1.3639568,-2.037843,4.5038667,7.962775,0.67312187,-0.61138934,2.1593816
-2.4260235,3.052972,-1.4830014,0.017065793,4.8052955,4.578956,0.27169713,-1.1726485,1.526555
-2.9681425,5.5038896,-1.219514,-0.39476696,2.9235566,3.980598,0.39434025,-2.3978062,2.1559367
-1.0056249,4.767525,0.0069298036,1.2875589,4.26766,4.3197174,0.5995297,-6.304598,0.22878617
0.45349658,5.24071,-0.5252314,2.197421,3.6956658,3.0984073,0.28156605,-5.43293,0.32359612
-4.203398,5.1495457,0.13065903,-2.757162,5.376462,5.839999,-0.9571121,-1.7244934,3.4811912
1.0901922,4.113978,-0.9118435,3.155729,3.865734,3.669529,0.41843617,-6.3232517,-2.0815272
-0.8999642,5.626599,-0.7968299,2.439223,3.6039014,5.2407675,1.3274188,-5.5279903,-1.9604776
0.64688015,5.7406297,-1.579708,3.0084946,2.9857829,3.8942096,1.2807761,-3.6849098,-0.39330912
-0.6744665,4.566706,0.7983106,1.4345402,3.5606658,4.814406,1.3389809,-4.457441,-1.1929058
-2.939467,3.9768794,-1.6546868,0.26658234,4.521292,5.224077,0.72427696,-0.42108026,0.8116675
-3.9594278,1.8618089,0.7356631,-1.7894218,5.501625,5.3344097,0.25426462,-1.7203698,1.4823587
-2.6742568,2.681168,-0.42196888,-0.9863261,5.763177,5.200171,-0.85051924,-2.742722,0.9716191
-4.817635,3.8565342,-0.41860408,-0.4784566,5.634961,4.7917795,0.00032939762,-3.0141516,0.44967443
-2.6384199,2.4100351,-1.2699645,-1.4998437,5.3636003,6.9433613,0.18548623,-0.8174897,1.9782639
-3.4397712,3.0897129,-0.5067192,-0.9166881,5.6973023,3.3347182,-0.6325886,-2.431903,3.1072521
-2.3736086,1.9652914,-0.770951,-1.3108447,5.8899994,5.509856,-0.59911656,-1.8831208,2.0895152
-3.545432,3.9470952,-1.4764351,-1.9890047,3.604812,7.398423,1.0324465,-1.9022087,2.4425519
-3.545556,4.3769975,-0.6694171,-1.8231546,5.3322935,6.179249,-0.29567817,-0.5261214,2.6684904
-4.205796,2.6930919,-0.8280775,-1.1032591,5.703989,5.1007824,0.18447104,-2.3526921,2.1830182
0.59228027,2.5795128,-0.6384013,2.3993843,4.2776136,4.0653996,0.5633158,-7.666682,-1.5132115
-3.7667823,3.8435934,-0.7448686,-2.1272175,5.536461,6.0090165,-0.17029434,-0.5050829,3.6435704
-4.446987,3.5434077,-0.25548834,-1.8139468,6.0470724,5.29148,-0.46830067,-2.0698204,2.6865902
-4.696749,2.6765249,-1.1776029,-0.5833341,5.6057034,5.79665,0.8834052,-2.057556,1.033136
-3.1587596,5.122967,0.054706026,-0.36585966,2.647379,4.023958,0.97909486,-0.9206723,0.9087501
-2.513888,3.2045782,-1.2987946,-0.34695086,5.043409,6.2314024,0.19593778,-0.9767971,0.31312442
-2.5331757,4.000199,-1.4777615,-0.12436989,5.1007595,5.5398602,0.25849542,0.777291,1.3792833
-1.2837468,2.6562135,1.4731473,2.517154,3.194986,3.4115646,1.86436,-4.1480985,-3.9642386
-0.39827037,4.179026,-0.22227521,2.2886598,5.137623,2.885543,0.23471966,-5.140003,0.2525372
-3.9124234,4.237508,-1.178591,-1.4529163,3.7428849,7.0571933,0.90079874,-2.721945,1.1054246
-2.8296452,4.526126,-0.87206227,-0.39264557,4.8477936,4.7278695,-0.31917316,-1.103458,1.3106564
1.6396033,3.3134313,-0.80452394,2.1297264,0.92811775,4.4296365,2.2651231,-6.1134977,-0.8955668
0.93229747,3.1965106,-2.2416067,3.7802656,3.3162,3.179047,1.8162024,-5.1052,-0.6526057
0.836733,3.7844756,-0.7856526,2.4322283,3.9093196,4.777943,0.5654908,-6.5044994,-1.9142377
0.6290935,3.188355,-0.6203545,1.5571784,4.500535,4.6686172,0.4537919,-5.547186,0.15775007
-2.4554677,1.9283749,-0.94308466,-1.8571953,6.11405,5.762055,-0.42018697,-0.4287661,3.689183
-1.0048063,5.9729476,-0.047873568,2.1830332,3.947749,3.3161495,0.47385615,-6.186057,-0.52903813
-3.633524,4.324576,-0.3695534,-0.8899988,5.9581456,6.277073,-0.5543219,-0.90394956,0.16376358
-5.2018094,3.0006669,-0.6582543,-2.1687279,5.7703204,6.334225,0.42066112,-2.3271441,2.893754
-2.6915696,1.9168583,-0.98491186,-2.0932157,5.6930337,6.8184443,-0.1665023,-1.4078987,2.7656205
0.063145764,4.2992697,-0.09192951,1.3613434,4.286742,4.959008,0.22366682,-6.36569,-0.6615621
-4.355724,4.3341737,-0.05384655,-2.1190097,5.4325075,6.5782337,-0.5174619,-2.6716013,1.4153689
-4.6796384,6.1798863,-0.59163326,-1.0508788,4.313641,5.790279,0.2485601,-1.5120397,1.1312271
0.57530844,6.1228986,-1.8561437,3.3857205,1.7554623,3.708555,1.711866,-5.7557497,-1.2062201
-3.5584555,2.1697867,2.4457343,-2.1517477,3.2618954,4.8704014,0.1477642,-1.0438129,-0.8312821
-3.995448,2.6742399,1.9142318,-1.7856454,3.592081,2.6286585,0.77935314,-1.3055719,2.8256319
-3.6609328,2.6531239,-0.30681926,-1.8443463,6.299404,5.776478,-0.6748987,-2.0865588,2.275923
-3.383408,4.16193,-1.324229,-1.2777369,3.4438076,5.5811605,0.71105313,-2.7706387,2.396067
-2.6473217,3.919621,-0.6741534,-1.0243949,4.668216,4.3726945,-0.59635043,-2.4579911,2.2718465
-4.662969,2.998807,-0.7117229,-1.5724608,5.823203,4.761945,0.1850686,-1.8533186,3.5706596
1.1800119,3.067465,-1.5328178,2.4662492,3.7858984,5.264815,1.1988403,-5.152651,-1.138618
-3.5386357,3.4955857,-0.0882407,-0.98524976,6.95368,6.0351877,-1.0186834,-0.71120566,0.36119956
-2.742615,5.10364,-1.5413254,-0.41685817,3.537543,4.490739,0.48387393,-0.76380354,2.5957394
-2.7288709,3.374947,-0.35139638,-0.68364215,5.814987,4.405186,-1.0158844,-2.0993462,1.2786072
0.81755936,5.3410497,-0.74412423,3.3582294,3.8540335,2.046978,0.14937979,-5.233821,-0.7109429
-2.9918694,2.938002,-1.6216443,-0.18531892,4.4999256,3.415967,0.5904283,-1.616152,3.2848244
-4.167359,3.3010595,-0.9076571,-0.93323696,5.854233,6.429687,0.32110134,-1.0251284,0.9317606
-1.800356,2.16637,-0.870858,0.04437688,5.9817104,3.9902446,-0.76565975,-1.4566944,1.1946203
-3.7241242,1.5838534,1.4422959,-2.071012,3.2026641,5.9080963,0.8680245,-2.1218996,-0.75016177
1.975655,4.357561,-0.57250994,3.4586647,1.3463234,1.8097832,1.4985278,-5.397805,-1.0505438
0.29520714,4.6895976,-1.3090327,2.0482013,3.1067367,3.7256398,1.2645448,-4.952255,1.2052244
-2.993454,3.9252768,-0.56756645,-1.7594901,4.7085257,5.1599207,-0.53996664,-2.4402242,2.8371747
-1.8913459,4.1371503,-1.6987041,0.6082772,4.109826,4.265081,0.32213977,-0.48323825,1.0406357
0.6202644,1.0309058,3.1926997,0.7751584,2.152077,2.90497,1.1238223,-2.4784458,-2.0990303
-4.362266,3.6173131,-0.4265551,-1.7165499,6.158051,6.8309593,-0.19412428,-1.1951467,1.3673677
0.007968789,2.5236125,1.2258217,0.6020429,1.2622683,5.883085,2.314431,-4.6810226,-2.4364934
-3.7915814,3.4823465,-1.0839585,-1.0498711,4.8250265,4.976926,0.34640074,-2.0851908,2.5282998
-4.428138,4.22554,-0.5360665,-1.1230875,5.889223,4.7111998,-0.23095956,-0.94175345,2.614291
-3.167122,2.9608052,-1.5196946,-0.5015838,4.2277904,5.932119,0.8250024,-2.6283126,0.7880367
-4.6328063,4.300554,-0.039757323,-2.4429529,6.0177174,5.2514415,-0.7007501,-1.4149259,3.9100862
-4.396176,6.308368,-1.105143,-1.4906107,3.943411,6.493783,0.72603005,0.05486968,2.4669936
-2.5731835,3.6664312,-0.9103865,-0.1312069,5.6882915,4.821191,-0.4344851,-0.32777563,1.0432925
-5.552999,5.085691,-1.0276587,-1.4094352,5.5042515,5.4549932,0.75551045,0.529015,3.6338172
-4.1782937,5.0861454,-0.893809,-0.5300294,4.7934084,4.0457616,0.15120059,-1.1025091,2.4592555
-1.4826754,3.4375637,-0.5352295,-0.6959982,1.7145045,3.981687,1.1678816,-1.8721957,2.054901
0.09751976,2.118119,2.1210842,1.5157334,1.7223564,3.2799425,1.5870154,-4.8095937,-3.0186925
0.71814954,3.7178414,-1.0435041,2.9311438,3.5353014,2.3377144,0.6960485,-6.915365,-0.106424384
-3.0263553,3.649924,-0.85431,-1.5063392,5.114251,5.931969,-0.22278836,-1.259564,2.2934246
-2.3408194,3.0293787,-1.5759926,-1.2178484,4.856783,5.226284,0.30916378,0.24444774,3.9418688
-2.0061724,4.2224755,-1.5477984,0.8300322,4.989181,4.0238113,0.095685504,1.0134077,1.1822536
-3.4258535,5.2893305,-1.0424614,-0.8979515,4.5882077,4.908494,0.04623749,-0.08753142,2.721187
0.76184595,4.6977,-0.9141515,2.581764,2.633031,2.4704118,0.6659651,-7.5773077,0.041390307
2.1203103,1.8420856,-2.2433264,3.5547538,3.988198,4.277899,1.3644464,-4.532049,-1.3504543
-2.8052335,3.192736,-0.31542557,-1.1310376,6.027522,4.5202146,-1.0792284,-1.7769982,2.1426735
-4.3945775,4.630112,-0.3855117,-1.6249118,5.9316206,5.0432205,-0.45945075,-0.47670493,3.1858988
0.15672815,3.1497643,-0.15912195,1.8730716,5.868662,4.734005,0.009386443,-4.652742,-0.8529759
-0.1558454,4.837567,-1.649853,4.09699,3.703695,2.2708468,1.5161817,-4.690061,-0.914033
0.113284715,4.6266165,-1.005586,3.1248524,4.275571,4.7935743,0.9422186,-4.8929195,-2.5804608
-4.3940454,4.658112,-0.98227745,-1.3673388,5.68396,5.8563786,0.27348775,0.8523652,3.0621378
-3.8313065,4.315294,-1.5260307,-1.6682308,3.5461771,6.4899426,1.1036338,-1.7488234,2.865727
-4.207105,5.469641,-1.416761,-0.43582526,3.9357588,5.7512836,1.0288455,-0.67719775,1.31002
0.21374476,5.3752847,-0.14113994,2.0435832,3.6424935,3.7829406,0.13772321,-6.632772,-0.91092545
-3.5178666,4.3901124,-0.7028555,-0.17484227,4.9351854,4.0053906,-0.2473073,-2.2240276,1.1243435
-2.7141228,3.2456658,-1.1856319,-0.47023192,5.661463,6.3003874,0.052450143,0.043010682,0.70611656
-5.406882,3.8338795,-0.08979888,-2.3878152,6.493499,6.02608,-0.3091631,-1.4583101,3.1505003
0.6593472,3.0568545,-0.6104943,1.3349044,4.45549,4.5830293,0.44171187,-5.581731,0.6851767
0.24717176,5.2962127,-0.9369413,2.0724406,2.7449446,3.8056734,0.99275374,-6.1990175,0.1811825
-5.0463142,6.6751018,0.28356618,-2.1817622,5.0468903,5.5768337,-0.7535506,-1.6276428,2.431244
1.7481785,1.6575203,-1.1415056,2.854234,4.7985334,3.5671785,0.37224868,-6.008166,-0.90148205
-4.75268,3.5568721,-0.78900605,-2.0688102,5.516342,7.5438385,0.48651883,-1.5029366,1.7587095
2.0689938,3.3472784,-2.2270567,3.3698337,2.192203,4.166865,1.5676985,-6.4501076,-1.472872
-4.123594,5.4864492,-0.7959619,-0.44685474,4.0979667,5.52243,0.3456782,-2.301055,0.1953829
-2.1408825,2.7174919,-1.5868165,-0.24285558,4.4436474,4.218632,0.28288594,-1.7309831,2.377437
0.6918155,3.1006334,-1.442872,1.6567533,3.1433866,5.5488954,1.532383,-6.08494,-0.060526006
-4.619728,4.011185,-1.082144,0.22107515,5.411583,4.494373,0.6263825,-1.3712138,0.7788871
-5.2729707,5.0241427,0.13378815,-2.3266387,5.925197,7.0806956,-0.4485416,-1.7662219,1.3891642
0.4101323,5.647871,-1.5415616,1.8444315,2.1151211,4.1661253,1.5515952,-4.886962,1.4153014
0.6308123,4.701074,-1.4619956,2.4321907,2.441731,4.592329,1.4508162,-6.3292723,-0.7813578
-2.754641,4.07912,-0.85669565,-0.09836492,5.582881,4.8728547,-0.41715023,-0.30263785,0.8449289
-5.0252624,4.3072486,-1.4067175,-1.0645536,5.1550546,7.2042446,1.2820607,0.06349936,1.4403827
2.3238392,2.340974,-2.014146,3.6569548,3.5854967,2.6879601,0.9249232,-5.485397,-0.4835068
0.4082601,4.485559,-0.2904814,2.718607,4.780263,2.7700703,-0.0633967,-5.3396626,-0.6465204
-0.44214952,5.0526853,-1.2111007,1.9728997,2.9683368,4.7999125,1.6480733,-5.456509,0.051012464
-0.039307706,4.0698647,-1.1045055,2.8669221,4.215849,3.5401354,1.0854615,-5.026044,-0.4995051
-1.9273099,1.7215178,-1.485206,-0.9081123,5.156028,6.1316566,0.17727312,-1.3899325,1.7220309
1.3862859,3.4531019,-1.0137433,3.9135015,5.0545044,1.7911172,0.035597168,-4.493887,-1.0261577
-2.6247292,4.0909696,-1.1633137,0.035919815,5.4103165,5.1033382,-0.10318551,0.36910084,0.958029
-2.1001906,4.3215404,-1.3350497,0.22874823,4.4179544,3.7215412,-0.11565644,-0.66084903,1.8378867
0.12896645,4.822668,-0.33599693,2.0694685,3.16866,3.566531,0.48017696,-7.8565364,-0.80548173
-3.1213999,2.9817364,-0.30864507,-2.0893023,5.2804317,6.0151997,-0.71699846,-3.3022172,2.0353823
-3.2697942,2.3002493,-1.2241224,-0.90423656,5.340231,4.829273,0.26895905,-1.8833178,2.6881588
-2.9697154,3.0858884,-0.23156114,-1.7019602,6.4377494,4.59315,-1.2132173,-1.0524708,3.3764582
0.27659357,4.269538,-0.22106476,1.9550744,4.367667,3.8290868,0.14119706,-6.1410503,-0.4714678
-4.5966687,3.1034153,2.6006951,-1.4198285,2.0765426,3.686231,1.2155192,0.5339892,-1.0033761
-1.8666314,2.5068498,-1.6899438,-0.37136796,5.183779,5.372612,0.26961067,0.25140318,2.208389
-1.8781934,2.0028214,-1.6643106,-1.0493337,5.1833944,5.613476,0.29994974,0.06794348,3.288205
-2.478758,4.375383,-1.2574564,-1.0098345,3.9253428,4.5914626,0.032235347,-1.355961,3.1256473
0.31069124,4.6351113,-0.14482565,2.0825732,4.6711583,2.997465,-0.116361834,-5.203088,0.28994244
-0.19731367,3.4311333,-2.2414424,3.8753936,3.2501035,4.0362678,2.4235992,-5.8420243,-1.7901073
-2.7386694,5.0373793,-1.4530741,-0.6011903,3.8080652,5.2416306,0.4064679,-0.47395918,2.1498866
-4.138804,4.6842036,-1.4098412,-1.3630608,4.75178,5.5427523,0.7380388,0.49229804,3.8160086
-4.081797,3.2171848,-0.6106828,-2.4094718,5.3050756,5.6349077,-0.110558175,-2.2660365,3.938203
-4.119406,4.930115,-1.2904959,-1.404341,5.100078,5.8032017,0.5392808,1.2060719,3.677275
-2.227838,3.229317,-1.5223998,-0.5092306,5.4167066,5.0523596,0.13692164,1.1502975,2.909712
-3.3232563,4.0490947,-0.98952186,-0.86163604,5.771372,6.7657027,0.03485223,0.59018797,0.9252797
1.653129,2.1712625,0.3799736,2.7804205,4.069166,1.7828207,0.40948305,-5.2439823,-0.64997774
1.7831072,3.251612,-2.1107192,3.3814242,3.2532337,4.008498,1.3734641,-4.791184,-0.95209676
0.49577153,4.364864,-0.5703202,2.238249,4.247695,3.9424903,0.37027785,-5.309577,-0.52050304
-4.5185523,5.955193,-0.45947784,-0.48129186,4.753326,3.9214842,-0.19313565,-1.6635115,1.6907665
-0.066096894,2.8459737,-1.0999563,2.1586297,4.4885044,5.186731,1.3221078,-5.4964347,-0.8405714
0.733199,0.17211086,1.8290049,0.8594506,3.1969736,4.682925,1.3260658,-4.0021706,-2.3574252
-1.7041061,2.984687,-1.7512794,0.8690202,5.100849,4.959194,0.29693824,0.1519281,0.1375907
-1.4350779,2.4001794,-0.52041346,2.2383883,5.2603726,4.275612,1.288455,-7.0064716,-1.0119739
-4.636892,3.2491214,-0.24234696,-1.9888397,6.1234837,6.2770457,-0.30580303,-2.3974397,1.9094431
-1.8451499,1.5659455,-1.197114,-0.3285235,5.756094,5.5477343,-0.20736894,-1.5115454,0.77527946
0.75510705,3.3171785,-0.7050105,2.6140802,5.014717,4.067496,0.3305978,-4.8521204,-1.1150771
-2.5681324,2.48779,-1.2442402,-2.046739,5.1779637,6.2941494,0.062220953,-0.6912814,3.7739434
-3.1181095,3.9304645,-0.58871955,-0.6103107,5.1778173,5.91434,-0.39482448,-2.3113346,-0.22881526
1.975655,4.357561,-0.57250994,3.4586647,1.3463234,1.8097832,1.4985278,-5.397805,-1.0505438
0.57084084,3.4085357,-1.0692751,1.8326529,3.7273998,4.3506546,0.9925888,-5.7566724,0.45762604
-1.7248737,2.3559291,-1.2553701,-0.11319223,4.8193583,4.6440034,-0.18028906,-2.3366623,1.0049102
-4.3083205,3.0510485,-0.72960037,-1.6492339,5.0882206,6.454686,0.30161336,-3.2931721,1.3754711
-3.3149996,4.645503,-0.6669466,-1.32849,5.5896053,5.069579,-0.52944964,0.27439967,3.0708437
-4.0106473,3.0859437,-1.8008257,-0.42160705,4.533531,6.052142,1.4088851,-1.4036468,1.3867202
-3.5857432,3.0970967,2.8998792,-1.6485038,2.3821366,3.7452192,0.32813936,0.52309996,-1.1563294
-1.842751,2.1804352,-1.1337452,-0.23531213,5.9045963,4.4916887,-0.48319343,-0.63206,1.8401834
-0.8458407,2.1460989,-0.43748337,-0.039845258,3.2602773,2.2198792,0.41268435,-0.8122212,2.7626648
-5.267098,4.958173,-0.26133496,-2.1768496,5.126211,7.533622,0.18441755,-2.2808099,1.0049318
-2.0839856,2.8770516,-1.3660865,-0.43097845,5.194847,5.057669,-0.04461632,-0.47636268,1.971096
-2.1472,2.4124866,-1.6272694,-1.2018181,5.0222373,6.0739946,0.36623734,-0.07070753,2.991136
-2.3306582,2.626014,-1.2353089,-1.7626027,5.2237244,5.2203703,-0.08313099,-0.28592274,4.4790916
-4.7903614,3.6049366,1.9663296,-1.4519029,3.9715602,3.122577,0.9269483,-0.7099668,1.8711183
0.9329082,4.34387,-1.6447471,1.9784231,2.9239867,4.4821835,1.4018583,-4.3296556,1.0768286
-0.20919049,3.4134452,-0.90071565,2.9294426,4.431409,4.193487,1.0663021,-6.439602,-1.9399209
0.34192717,2.425341,2.5615468,0.8887185,2.052492,3.7784302,0.9961262,-4.8261824,-2.815812
-2.0417342,2.231292,-0.46788406,-0.2145268,6.5163527,3.700784,-1.1886319,-1.4150213,1.5204312
-2.9934747,3.360401,-0.87217945,-1.883679,5.110813,6.0448313,-0.22288847,-1.3556772,2.945137
-3.1257184,2.6805174,-1.0100989,-0.70239675,5.8326664,5.9403834,0.010770015,-1.0683843,1.03745
1.9436686,2.302567,-2.1732347,3.7781045,4.05467,4.2057505,1.3418884,-4.2593765,-1.7369304
-5.0128736,3.9577675,-0.69134957,-1.409232,6.230994,7.247478,0.36781687,-0.28355274,1.0246944
-3.0445743,4.4330907,-0.2583745,-0.9143903,5.1297693,4.147397,-0.9794059,-2.463365,1.7246649
0.8055979,4.220897,-1.6032519,3.3700163,3.4206321,4.3506455,1.304552,-5.358133,-2.0166886
-4.3593736,6.323014,0.21743397,-1.8109757,5.1610303,5.293149,-0.97983,-1.4974095,2.0479143
-2.6603131,2.959851,-1.1605384,-1.1280868,5.9062467,5.9537697,-0.11554668,0.57743907,2.570045
1.626102,4.3096995,-1.6792142,3.0935757,2.7571108,2.5763426,0.92513365,-5.4858847,0.37464482
1.0959369,5.474768,-1.7345059,2.4184186,1.9204222,3.5417528,1.3795669,-5.1719637,0.94593364
-4.0974503,0.8155684,1.2121218,-1.6753151,3.3713486,5.5974755,1.4536974,-1.2338289,-0.6224563
-5.4232335,5.076567,-1.0007615,-1.2397962,5.187244,6.7169404,0.90396166,-0.31562766,1.6116688
1.9492847,4.3523607,-2.1038933,3.2805667,2.079894,2.439071,1.2771087,-5.496329,0.6373877
-2.4303927,3.5367644,-1.3337705,-0.51609004,4.695777,4.9911985,0.09056213,-0.9264353,2.0020354
-2.5850859,4.467874,-1.6764826,0.11899373,4.0135927,3.9205515,0.495446,-0.4236109,2.4385307
-5.0241656,4.562294,-0.42931253,-2.0120242,5.411344,5.9554977,0.023955233,-1.7120095,2.7210684
-0.15803432,5.167897,-1.7153565,2.6843245,2.739407,3.8868575,1.8853409,-4.7600083,0.35818523
1.0908488,1.7848006,1.3664634,1.2113107,1.6296724,4.7387094,1.6146369,-4.8652573,-2.9171476
-2.1001906,4.3215404,-1.3350497,0.22874823,4.4179544,3.7215412,-0.11565644,-0.66084903,1.8378867
-3.3798947,4.6096005,-0.39787787,-1.3764344,5.5648193,4.8496504,-0.7842147,-0.75081915,2.6976013
1.5893883,3.900541,-1.0433135,3.0354226,3.5231144,1.8038741,0.19383371,-6.340766,0.25726336
1.4421223,3.0424917,-1.0560392,2.874472,3.8052359,4.1129675,0.5301954,-7.021438,-1.9844036
-3.7908018,3.154503,-0.86851996,-0.80587184,5.043146,4.5402427,0.10489739,-2.937447,1.9462425
-2.6740098,2.7127845,-0.6348997,-0.5251471,5.2763257,3.3457654,-0.6910734,-3.2453914,2.1293147
-2.9794753,2.452498,0.3550192,-1.9148401,4.9450045,6.2923474,0.37252775,-0.008772282,1.6651127
-4.5696177,5.0352325,-1.4740638,-0.55245006,4.449489,5.2730947,1.1096117,-0.11938605,2.3930638
-3.882277,2.6032398,-1.7900653,-0.8543757,4.7883005,6.4193687,1.3291917,-1.2112203,1.9437405
-2.4752004,2.1442573,-0.028689813,0.051816702,4.4745803,4.197646,0.6568105,-0.99775904,0.085135885
-3.0245688,0.55098814,3.1395254,-3.398299,3.1994412,5.182726,0.04364439,-0.4513019,0.65889746
-0.09022831,3.8260343,-1.3012393,1.9348143,4.029389,3.6315987,1.3438609,-4.0927706,1.8933377
-4.1690464,3.1930833,-1.8539816,-0.12541127,4.411206,5.732614,1.5408565,-1.6183535,1.1394972
-3.5643263,1.2061992,2.147845,-2.4231875,5.631321,6.258589,-0.44687018,-0.21915564,-0.70824546
-3.336723,3.2889078,-1.844911,-0.8455074,4.0746036,4.3977866,1.0161642,-1.241444,4.019436
-5.02194,4.3252864,-0.68521625,-2.003487,5.7284017,6.63669,0.2970272,-0.51504844,2.752428
-3.6940353,1.2152475,2.7010176,-2.778818,2.6465013,4.717271,0.5267932,-2.0130117,0.11957342
-3.4156208,3.5473306,-0.41055673,-1.1652181,4.8013,5.1719246,-0.4263002,-3.9222584,0.9991782
-0.2698282,3.942837,-1.9586109,2.7462566,3.1348422,3.1256404,2.096655,-4.9166794,1.4056543
-3.533555,3.2059853,-0.7388664,-1.1801093,4.965825,5.846413,-0.022138096,-3.1087782,1.0448945
-5.021971,4.969259,-0.0021248572,-2.4525769,5.5674677,5.4450645,-0.5348227,-1.8778547,3.502914
0.91371727,4.35801,-1.4181415,3.429032,4.252789,3.7292593,0.87602234,-3.6052752,-1.2610953
-4.320493,4.9769897,-0.45400387,-2.3015366,5.1525726,7.945988,-0.02073554,-0.921886,1.4119458
0.56250286,3.5719392,2.2707667,1.7847706,-0.30554283,2.623125,1.9868125,-3.725922,-3.2439537
-5.372927,2.3923485,2.5797436,-2.2526886,3.774146,5.100118,0.97656524,0.6806295,-0.37592274
-2.3101978,3.2319942,-1.3746419,-0.49479535,4.503406,5.7236204,0.22018692,-1.5989009,1.0180707
-3.5387151,2.7788663,-1.124526,-0.94959724,5.4415493,4.8763895,0.2252889,-1.4718801,2.726368
0.6605561,5.8324924,-1.0316488,3.0950089,2.9927511,2.6624663,0.65987086,-5.430338,-0.47836632
0.27884805,2.0831468,3.084311,1.9808506,2.2040617,1.3150831,0.68259573,-4.722418,-3.378889
-3.6373916,4.641178,-0.37125033,-0.9630426,5.8717966,5.267502,-0.6723055,-0.55594236,1.4801077
-2.8258471,3.2774491,-0.85293597,-1.9969839,5.4284453,5.265354,-0.44164297,-0.59703976,4.233175
-2.907252,2.4972012,-1.5624055,-0.50435746,4.592836,5.518251,0.68263644,-2.1494346,1.4584893
1.420451,2.2147522,-0.6829516,2.4159985,4.468665,3.8309166,0.16492906,-7.1892595,-1.2168229
0.88803184,3.3555343,0.5774348,2.0851214,2.7793276,2.3450704,0.82606995,-6.722227,-0.46920627
1.0981227,2.8493483,-0.7433068,2.9141607,4.2612667,2.9475489,0.25928542,-7.2785773,-1.2379267
-3.7955287,4.344368,-0.78034717,-0.94866776,5.455544,5.6394396,-0.06169621,-0.61276764,1.6365553
-4.8746266,3.5466418,1.1810409,-1.6524574,3.8351495,5.351408,1.6667708,-0.108923286,1.320888
-2.1375465,3.2744005,-1.7183064,-0.63800657,3.925761,5.858824,0.5849519,-1.4466213,1.6566114
-2.9432855,3.6413014,-0.578053,-1.093218,5.487831,5.1699514,-0.6308764,-1.5750273,1.7799306
-0.21411681,2.5680645,-0.84618527,2.035131,4.763681,3.480055,0.9680072,-5.883502,0.811288
-2.5079203,3.5405257,-1.8193382,-0.6741533,3.6360528,4.4345374,0.7203425,-1.5326549,3.3742666
-4.091332,3.8615654,-0.7192748,-1.4838567,4.8371916,4.6077433,-0.0033409372,-2.6749556,3.1024916
-2.62011,5.023557,-1.5341134,-0.423346,3.1045907,5.2434497,0.64285034,-1.6487986,1.5448954
0.77856314,5.4662957,-1.2110996,3.5752692,2.9977984,3.016844,0.80314106,-5.9839067,-1.794904
-3.0776176,2.3414083,-1.6100667,-1.2740338,5.345421,7.2858796,0.77402914,-0.22120276,1.8840518
-2.4507792,2.6404488,-1.0567033,-1.3309789,4.4123244,6.3141727,0.08743807,-3.0199256,1.2769256
-2.7689471,2.6679385,-1.5106205,-1.4951621,5.1820593,7.6012917,0.5561806,-0.1415846,1.8204318
1.4010425,3.0817301,-1.2831658,2.359854,3.441479,4.2104735,0.8465629,-6.3406286,-0.5020228
-0.5002557,3.2591846,-1.4139948,1.7120454,3.4001176,5.253333,1.9931526,-6.0321484,0.3112911
-4.2974877,4.2282863,-0.7148562,-0.2071819,5.304432,4.260469,0.064120196,-2.0707302,1.0956242
-3.597611,3.2985854,-0.39578158,-2.1379776,6.1879854,6.8311534,-0.5731655,-0.9347289,2.1962285
0.66022193,4.333735,-0.72753614,3.0802593,4.479681,4.0435095,0.35739958,-5.3321238,-2.2475436
-2.789723,1.9150409,1.3385972,-1.4852577,2.9039693,5.7772474,0.8716984,0.6406175,-1.2749469
-4.1384363,2.184175,-0.5811725,-1.6094152,3.7472491,5.117079,1.9586957,-0.44021127,3.5494957
-3.3151147,2.6789186,-0.876808,-0.62264585,5.525609,4.4175014,-0.13062632,-2.3235476,1.9107317
-2.1981843,1.9098558,-1.6539245,-1.2762845,5.213766,6.9483004,0.4934598,-0.32217428,2.210989
1.8575138,3.5715876,-1.8370525,3.9358568,3.5646508,2.6785765,0.884046,-4.9648514,-1.1317811
-3.9314537,3.3565934,-0.35951906,-1.9957432,6.3589463,7.389309,-0.43015304,-0.91692,1.3090436
-3.2713141,1.6903584,1.9301604,-2.2748902,4.2292805,6.233894,0.14584449,0.46472755,-0.80835587
-2.7505713,5.6156564,-1.4070448,-0.66359854,3.312697,4.8342004,0.397109,-0.7524255,2.5406914
-2.172615,4.112432,-0.41992944,-1.3626338,1.847528,3.9539905,1.1435035,-1.3237283,3.5272942
-4.23068,2.4999201,2.035676,-2.285452,4.8701344,6.168497,-0.15939802,-1.2293411,-1.034528
0.077446826,4.5177107,-0.67667633,1.9379724,4.5824785,4.809506,0.6863649,-3.8091192,-0.19039673
-3.0070202,3.1523697,2.019891,-2.3391821,3.8454983,3.1662881,0.09581616,-0.23010287,3.6105103
-3.8214958,2.7535136,-1.4593923,-1.1478333,4.681342,6.3311024,0.9460372,-2.1396408,1.8426645
-4.323827,3.117755,-0.7616901,-1.7159461,4.930638,5.991369,0.31135046,-3.3797512,2.0161977
-3.352261,4.6068735,-0.9974082,-2.141699,4.325388,6.324636,0.12951162,-0.86705476,3.4796386
0.84439826,2.851738,-1.6616153,2.1306167,4.433133,5.80062,1.4344895,-3.2613044,-0.22674704
-3.888186,2.3965244,1.847308,-2.6183562,3.1680443,6.658755,0.8359221,0.04778418,-0.5027563
-3.706037,3.3973963,-1.2457668,-0.73036265,5.5035677,6.021414,0.4919785,-0.336086,1.5870239
-2.3948667,3.0649638,-0.9704409,-0.38199726,5.8183517,4.929288,-0.43961123,-0.41018322,1.5160822
-3.7755592,1.6566557,-0.77193373,-0.70453477,5.947786,4.5875797,-0.030464567,-3.5785482,1.5008175
-0.58818805,5.6859274,-0.7595003,2.2096326,3.6197278,3.572517,1.0160675,-4.79557,0.44756126
-2.7775145,2.5725667,-1.4666457,-1.5550092,5.5161743,7.490079,0.45915267,0.39687923,2.1974392
-3.217909,4.074924,0.12103884,-1.6216711,4.38764,4.5898786,0.47033542,1.3903015,3.5706618
-0.4609971,5.348425,-1.8120346,3.9109511,3.551564,2.838244,1.8434532,-3.7143254,-0.6251684
-3.322223,3.384042,-0.6846836,-1.7666527,6.3674655,6.3301077,-0.45789954,0.5217704,2.8334816
-5.4148602,3.250746,-0.87311584,-1.8817617,5.8692203,7.290921,0.8053416,-1.3901665,1.9105899
0.6443118,1.3704314,1.9397482,2.2349842,4.1054516,3.3328688,0.62108624,-3.1699944,-3.872109
0.00695098,3.808966,-0.55340225,2.3503284,3.4017339,3.6749701,0.7940751,-8.419871,-1.3071167
-4.662152,4.223817,-0.65914327,-0.68267107,5.4279556,4.6472015,0.13033682,-1.9351128,1.656971
-3.4176092,4.937303,-0.4611749,-1.126605,4.7611814,4.8461075,-0.529081,-1.940003,1.8845468
-3.5857432,3.0970967,2.8998792,-1.6485038,2.3821366,3.7452192,0.32813936,0.52309996,-1.1563294
-3.8988762,4.6505075,-0.41822582,-1.5651213,5.4214735,5.1039534,-0.5146273,-1.1544272,2.7570024
-0.06773459,2.1216676,2.2233412,2.2293098,3.1906364,2.7086952,0.9893456,-3.8790996,-3.7943218
-2.2347333,2.015001,-1.8503277,-0.87937045,4.391902,6.3079696,0.807571,-1.6187108,1.9092448
-2.5391164,3.3432872,-1.1485931,-0.7845676,5.8823323,5.0915403,-0.2388623,0.94230354,2.8750145
-2.232735,2.2736742,-0.8017959,-0.660699,5.7695904,5.0282736,-0.61317205,-1.9210494,1.2775738
1.0336956,3.130661,-0.5310895,2.6954415,4.766994,3.4987245,0.03942337,-6.2383976,-1.3435314
0.3027407,2.5674515,-1.4922009,2.351274,4.462722,5.0577936,1.5093141,-4.61077,-0.38050836
0.94775045,4.20205,-1.6186019,1.9219818,3.2199514,3.9930325,1.2832578,-3.774662,1.8386049
-2.1780505,2.9818394,-1.4055697,-1.2006031,4.3472095,5.309314,0.12516567,-1.646043,2.9104767
-2.5398707,2.9146028,-1.2491182,-0.5353911,5.5875163,6.246663,0.07037061,-0.2142928,0.899874
-2.2901356,2.9799733,-1.7072397,-0.19241849,4.5554695,6.2603803,0.63277304,-0.9193579,0.5386312
-2.2120757,-0.034158655,1.6943377,-1.7118329,4.375466,5.3986998,0.14010832,0.170778,-0.7940058
-1.4476911,-0.5095176,1.8647218,-1.610475,2.750833,4.3834257,0.55929965,-0.17604813,-0.48735535
-0.30184495,5.933456,-0.45449847,2.068857,3.1574447,3.458349,0.66491574,-6.212272,-0.023169748
-2.7653892,4.7673006,-1.4456052,-1.111864,3.991451,5.218741,0.33128795,-0.19000468,3.300808
-2.4776626,2.5103445,-0.9362102,-0.983955,6.2789474,5.402013,-0.49209574,0.026871832,2.3848433
-2.4776626,2.5103445,-0.9362102,-0.983955,6.2789474,5.402013,-0.49209574,0.026871832,2.3848433
-2.262302,2.1216977,-1.327541,-0.82464147,5.833414,6.21325,0.017176531,-0.15515122,1.6778916
-3.8674965,4.1722794,-0.65606195,-2.28613,5.319334,6.8563585,-0.1318084,-0.8173859,2.8198109
0.09751976,2.118119,2.1210842,1.5157334,1.7223564,3.2799425,1.5870154,-4.8095937,-3.0186925
-0.47076476,5.8791823,-0.99998087,2.1746325,3.3668816,5.42509,1.3528008,-4.419055,-1.1050026
-4.016953,3.4154918,-1.6331426,-1.7516547,4.0126715,7.06243,1.291401,-1.8118095,2.6111221
-4.1660657,2.285687,-0.67277557,-2.4723284,5.653283,7.221357,0.13141686,-2.7423863,2.3702605
-3.3477407,3.7495925,-1.4126731,-0.2880099,4.856762,3.952025,0.4262738,-0.68993336,2.9294093
-2.3199182,3.7253988,-1.2897661,0.37946752,5.131125,5.072768,0.009064488,-0.3513526,0.21919048
-0.051971547,4.5390472,-0.09997459,1.3437968,3.852414,4.3178034,0.33187732,-6.779495,-0.039314084
-4.44931,4.134993,-0.62496,-0.58728576,5.8924656,4.3115716,-0.1119673,-1.0991336,2.0377367
-3.6783895,3.5731874,-1.5419517,-1.9812819,4.363714,6.5984354,0.890274,-0.8051258,3.7157738
-4.44931,4.134993,-0.62496,-0.58728576,5.8924656,4.3115716,-0.1119673,-1.0991336,2.0377367
-3.4461908,1.2570075,2.668573,-3.2949274,3.879667,5.9662294,-0.18062979,-1.7447834,0.119622655
-5.1013093,3.5011926,-1.1764616,-2.220306,5.039012,7.623391,1.098929,-1.4365207,2.575267
-4.7307224,5.292028,-0.18152626,-2.2818246,4.9185963,7.251254,-0.13233507,-2.0689704,1.4066033
1.5631677,3.271355,-1.7842591,3.4088924,3.6714044,2.5236146,0.97194636,-4.839148,0.16854101
-3.7159646,6.243529,-1.323287,-0.6534004,3.1563072,4.9501476,0.7745598,-0.92856514,2.3284998
-3.4436367,3.2258213,-0.077808335,-1.5074248,7.1813407,5.648454,-1.19066,-0.21234438,1.9837793
-2.6565616,4.1062264,-1.5365895,-0.5627022,4.1728115,6.175684,0.5505484,-0.7415824,1.154067
-2.1801038,1.874721,2.6112857,-0.62925875,2.9084775,2.7460194,-0.061869316,1.0084237,-1.6099108
-4.085327,4.68458,-0.9011583,-0.6001582,4.2974916,5.88496,0.4693207,-2.5700798,0.21811438
-3.6440349,3.8927915,0.018472124,-0.2515836,3.2845676,2.3253274,0.9513922,-1.6228852,2.3787549
1.413212,3.063372,-0.9532353,3.0613878,4.834015,2.0421417,0.07007592,-4.818903,0.34089297
-3.0631886,2.6044421,-1.1912374,-2.470732,4.7551117,7.96454,0.41567674,-1.7420856,2.481839
-1.3683547,6.226196,0.2299432,1.5456554,4.2061844,4.6625195,0.45920265,-5.6893144,-0.8340726
-1.9875413,2.558828,-0.23430105,-1.3527988,3.3800552,4.5792437,0.7087779,-0.94636023,2.7105558
-2.1408825,2.7174919,-1.5868165,-0.24285558,4.4436474,4.218632,0.28288594,-1.7309831,2.377437
-3.8567994,4.659016,1.0173452,-1.0913271,4.251629,4.773761,-0.010740645,-1.8847533,0.051924415
-4.3378077,4.35441,-1.1264163,-1.2002931,5.300601,5.52707,0.4854748,0.04156509,3.0180426
0.7555758,3.6091688,-1.0131723,3.0763445,3.7520528,3.8379555,0.7614466,-7.0365047,-2.081825
-5.136168,4.772785,-0.621908,-1.7057949,5.57073,7.0783033,0.36144686,-0.7079118,1.5102314
1.4288827,3.182246,-1.8780988,2.2201104,3.1753623,4.4890184,1.422636,-4.65207,0.7620955
-2.160817,3.0942433,-1.4234362,-0.38631186,4.4225273,5.5584683,0.22615075,-1.7730485,0.97573376
-4.956356,5.084331,-0.063926056,-1.2233396,5.5022755,5.8964314,-0.3213442,-2.4096093,0.42855984
-2.700395,3.3040836,-1.509635,-1.2082089,4.820261,6.757821,0.48191324,-0.16512027,2.0678287
2.2173595,1.3638713,0.68577045,3.105861,3.0510511,1.5070205,1.4869337,-3.2711506,-0.91383606
-0.3101591,4.4345846,-0.554955,3.351549,4.5066237,3.7759135,0.5981339,-6.7923174,-3.0387118
-3.295443,3.925051,-0.71738964,-1.4465996,5.762883,5.9919786,-0.37446168,-0.11946604,2.321231
0.0067540463,5.2172894,-0.54490715,2.5973744,4.093623,3.099019,0.44791758,-5.1584706,-0.32422638
-3.7663085,2.5137355,-1.558015,-0.6423547,4.809892,5.7954893,1.0154501,-2.1222131,1.548203
-2.378509,3.6788893,-1.1433014,-0.54038084,3.891951,4.310739,-0.017831482,-2.9535432,1.834233
-3.6757693,3.9507625,-1.7866274,0.14588031,4.201149,4.5573235,1.1505811,-1.0501827,1.819719
-3.580111,4.3402267,-0.3614381,-1.5943854,5.7942486,5.6897364,-0.69062626,-0.7601947,2.2377293
0.20574868,2.416927,1.4135836,2.663965,2.6392202,3.2792542,1.574733,-3.0946138,-4.100053
0.688347,5.0765104,-1.5855832,2.274641,2.71584,4.9290814,1.4841816,-4.5128374,-0.14767426
-3.5830488,4.4739957,-0.96433514,-1.9633204,4.4432096,7.4369593,0.3278967,-1.1730317,1.8361051
-1.3813866,1.7077292,-1.887559,0.31882203,5.08967,5.596373,0.43633625,-0.59078336,0.5827467
-0.22145092,4.1526003,-0.9248658,2.3513746,4.2639766,5.0970635,1.1480564,-5.0756807,-1.3189222
-2.6512382,5.171449,1.2824796,-1.2537346,1.2810463,3.0350254,1.2175733,-0.37368843,2.3514485
0.1961304,4.7112627,-0.5047968,2.2093973,4.1686244,5.0675397,0.5120487,-5.6081614,-1.8357168
-2.360693,2.547928,-0.96594554,-0.84492695,6.1815367,5.0919633,-0.5148776,-0.038638443,2.4352567
-2.5608168,1.6133933,2.9666653,-1.3677826,2.6056411,2.8248107,-0.059097208,-0.39164057,-1.0666931
0.55292857,3.9448888,-1.2456685,2.0217903,3.8530993,5.697286,1.2002344,-4.5541778,-0.824214
1.2935885,3.1019702,-1.8770341,2.883597,3.9501963,4.868972,1.385998,-3.859898,-0.779961
-4.6820173,4.2907495,-0.7003934,-1.673622,5.9353237,6.087996,0.102576874,-0.050199002,2.81007
-0.9060514,3.620253,-1.3128288,2.5898764,4.6423326,5.3561707,1.835644,-4.2640896,-1.1855167
-4.463904,4.6367865,-1.4302475,-1.3779166,4.445942,6.4628115,1.0588607,-0.38664266,2.6416428
-4.4650273,3.532728,-0.506957,-1.8606702,6.150323,5.7795587,-0.19495553,-1.0109202,2.9651985
-0.10070526,4.12927,-0.39713532,2.5890932,4.5063543,3.1569655,0.39205548,-6.3449917,-0.82664037
-3.415146,1.981022,0.27957743,-1.278229,4.719769,3.8224227,0.5138546,-1.5248551,2.6841896
-3.666285,3.1441638,-1.3753735,-0.61374354,4.9454317,6.292751,0.76886714,-1.5364374,0.8475501
0.57900274,3.6053133,-1.2860755,2.76451,4.8440914,5.4050636,1.0321193,-3.368627,-1.6834662
0.85797584,3.9704201,-0.7876906,2.8001683,4.1899576,4.045102,0.42277429,-5.869691,-1.7230508
-4.8434653,4.707348,-0.33425242,-2.2679288,5.767422,5.6780148,-0.29622492,-0.79535466,3.6760883
0.6020683,3.7089813,-1.7080091,2.7692306,2.4387443,4.6620617,1.7925277,-7.260479,-1.4550139
0.51500714,4.932986,-1.830286,2.9817998,2.561638,4.808928,1.7861391,-5.3295617,-1.3725982
-2.6797385,4.4716973,-0.6666147,-0.98878574,3.9100187,3.9337065,-0.4788302,-3.2106068,2.4091187
-4.241837,2.700483,-1.5308567,-1.8973314,5.355149,7.8907375,1.1533682,-0.32297418,2.4648468
-3.0652552,3.1927104,-0.259152,-0.2545947,6.891424,5.500027,-1.0132618,-1.0267473,-0.4151851
0.58637726,2.5346568,-1.8915765,3.1940205,3.679537,3.4997995,1.6956952,-5.944912,-0.38191402
-2.6125941,4.581351,-1.6036733,0.013289005,3.9571283,4.7873516,0.5150374,-0.61611587,1.5588882
0.25985706,5.429309,-0.7956862,2.988823,3.1471512,2.2654567,0.6072994,-6.54186,-0.3785094
-5.471812,4.5026093,-0.4875309,-1.2483535,6.050107,5.289933,0.14788523,-0.9702218,2.2762394
-4.8924537,4.461454,-0.21272488,-1.0662823,6.2070236,4.315388,-0.47510728,-1.3519329,2.3754578
-2.8598008,2.961733,-0.59632105,-0.88318026,6.112623,5.695268,-0.62845635,-1.1814784,1.0050613
-3.6653557,4.212053,-0.7192057,-1.0671158,4.6886435,3.901768,-0.215184,-2.4867387,2.9965024
-1.8027691,1.8126147,-1.1284559,-0.897908,5.8609285,4.508275,-0.4990237,-0.7115126,3.1698785
-3.0963845,3.1042342,-1.1014104,-1.2566206,5.0014906,4.3706007,-0.017645799,-1.579686,3.7324402
-3.4292674,4.387894,-1.5522681,-1.1163783,4.186398,5.0785313,0.69313884,-0.36374888,3.6555274
-2.172615,4.112432,-0.41992944,-1.3626338,1.847528,3.9539905,1.1435035,-1.3237283,3.5272942
0.13233078,4.0420265,-0.4525445,1.4757482,4.4104834,5.3704333,0.53043026,-5.4515104,-0.58510065
-3.1708398,3.5065033,-0.18688126,-1.8063393,6.1699276,4.725994,-1.1556435,-1.2720517,3.298593
-3.207192,2.5642886,-0.86357135,-2.2798378,5.478778,7.5880404,-0.022774138,-1.6191789,2.0940456
-4.9132166,3.8818674,-0.4729132,-1.6454059,6.215433,5.9104548,-0.050586455,-0.93188244,2.3963566
-0.05112659,5.7200427,-0.35791844,1.7231447,3.4843142,3.7003884,0.43694043,-5.576924,0.46927553
1.088296,0.15922683,2.88759,0.92886305,2.2130008,2.9916272,1.3364973,-1.707257,-1.978663
-4.713325,3.0770404,-0.18454583,-1.8735563,6.7334995,6.4686575,-0.39641318,-1.6168274,1.6849649
-5.1167736,2.8218355,-1.297377,-1.7192715,5.533433,7.3052225,1.2122985,-1.198793,2.2098808
-4.059735,2.6216667,-0.5966391,-2.3285937,6.1039143,6.0387244,-0.19334438,-1.4763556,3.6350324
-4.487138,2.5085115,-0.4153096,-1.2726208,6.5194774,5.711041,-0.19147205,-2.3234563,1.3773401
-2.2690897,2.5734127,-1.2788535,-0.9803517,5.6763887,5.4737015,-0.11409516,0.135788,2.7808733
-1.5749737,3.768407,-0.16957541,1.9089056,5.313197,4.8219085,0.95031375,-5.943078,-1.1074551
-3.580111,4.3402267,-0.3614381,-1.5943854,5.7942486,5.6897364,-0.69062626,-0.7601947,2.2377293
0.20798719,5.464174,-1.6879876,3.7263339,2.3377857,1.9093928,1.5386691,-6.149103,-0.23143107
-3.1386185,4.9005694,-1.2750834,-1.1134887,4.9138546,5.537941,0.18415001,1.2313247,3.2570653
-1.167599,3.7318695,-0.35678536,2.390528,4.8889675,4.2336164,0.95085716,-6.609809,-1.4994098
-3.5386357,3.4955857,-0.0882407,-0.98524976,6.95368,6.0351877,-1.0186834,-0.71120566,0.36119956
-2.0527468,2.9080951,0.43101937,-0.59062994,4.5478015,2.9723842,-0.2653871,-0.6662542,2.0493948
0.392676,4.9907827,-1.1707349,2.8050373,4.105627,4.376715,0.94450843,-3.4570045,-0.8891945
-2.9334693,3.6135318,-1.2861954,-0.5454322,4.676245,6.1370406,0.37066403,-1.3576301,0.68607384
-2.0301757,0.93351436,2.2144012,-2.7455282,1.4890321,5.5757265,0.9731785,-0.22838375,0.16210884
-3.156868,3.615206,-1.3117653,-0.9435266,5.8193445,7.302905,0.35451618,1.3281852,1.2246606
-2.6922684,4.418268,-0.30651218,-0.047875017,5.5747523,3.1451404,-1.1830853,-1.6644393,1.3330015
1.3588697,4.5058713,-1.9505094,3.690911,2.9019227,4.4032283,1.4552428,-4.9449134,-2.248615
-3.5683537,4.7318006,-1.4073933,-1.9466127,3.258477,6.5964823,0.9201092,-1.7583201,3.136559
-2.8180737,2.2010188,2.695185,-1.1204418,3.374884,3.1729136,-0.39785197,-1.0258781,-1.5844973
-3.6141758,5.699425,-1.0228993,-1.2535697,3.6341808,5.2161818,0.3135197,-1.3663485,2.7056131
-0.2982837,4.2305946,-1.2544252,2.6979105,3.3501093,2.3833373,1.3633692,-6.193904,0.9677705
1.5153712,3.4224367,-0.72893614,2.5485585,2.403779,3.3884819,1.8327605,-3.406172,0.056989618
-4.126972,6.4863434,-0.33082598,-0.75294805,4.1060905,4.2818685,-0.33383855,-2.1649795,1.4842223
-3.5627484,5.1685867,-1.0455315,-0.77108634,4.449975,5.8342547,0.26437467,-0.71260256,1.310185
0.21656,5.0337057,-1.651409,2.9871542,3.355117,4.2585588,1.5899981,-3.8424327,-0.5587471
-1.9681026,0.9893258,2.7281153,-1.4447175,2.0730014,3.0198352,0.19945076,-0.2765527,-0.869977
0.52794933,4.405077,2.0462594,1.4997903,0.29694933,3.5250072,2.1660454,-2.6374269,-2.4252386
-3.182816,3.245573,-1.3335023,-1.5166469,5.706231,7.7036104,0.4191729,0.96892744,1.894013
0.43429196,1.8126435,1.6960641,2.5462847,0.8592777,1.9562113,2.0293832,-5.0945582,-3.4833195
-3.7160182,4.69352,-0.8525018,-1.4338093,5.700942,6.7412868,-0.04003758,0.9841592,2.0442412
0.8399528,4.73479,-1.0422493,3.4741492,4.54047,2.232026,0.35709116,-3.5383477,-0.24224943
-2.172869,3.2929542,-1.0148169,-0.17219159,5.5796795,4.082487,-0.5309605,-0.43296996,2.0001748
-2.9277093,3.9808857,-1.3720967,-0.5453534,4.124807,4.916576,0.39642614,-1.7249566,1.9432079
-5.1356835,4.727321,-0.63869053,-0.04526511,5.5493793,4.347953,0.28452873,-1.7012845,0.7583185
-0.066015355,6.2374988,-1.3657609,2.2475245,2.5123198,5.9944143,1.669242,-4.609773,-1.5173526
-3.8730593,2.9238784,-1.6978995,-1.1960388,4.9328833,6.0111322,1.1006114,-0.5240522,3.1461027
-5.4314227,4.335939,-0.21736939,-1.3780645,6.1103177,4.245876,-0.19601029,-1.667227,3.0908933
-2.160817,3.0942433,-1.4234362,-0.38631186,4.4225273,5.5584683,0.22615075,-1.7730485,0.97573376
-2.9400995,2.767802,3.1215959,-2.4721718,1.33994,4.082805,0.365406,-0.6885706,-0.41298133
-4.1334863,5.1394644,-0.50254136,-1.8314427,5.6686316,6.2517366,-0.33578053,0.33765116,2.681402
-3.612163,1.6774065,3.2044423,-2.8608787,2.0130408,3.7875516,1.0660058,0.03513506,1.5878634
-4.6039243,4.699601,-0.6282528,-0.1096721,5.3068037,4.6207485,0.11629293,-1.9671243,0.4312296
1.4643983,3.6378882,-1.8737143,3.1863792,3.8994837,2.7745707,1.0767596,-3.1091475,0.95576113
-4.6273108,5.16386,0.21184437,-2.34554,5.8296947,7.1944256,-0.7692752,-1.5901802,1.1859068
-0.7478093,3.5788808,-0.23730536,1.199944,3.9368436,4.8340425,0.9162184,-7.714941,-0.22467
-3.2124565,3.504472,-1.492905,-1.0919102,4.9852047,6.7048664,0.64227736,0.029346617,1.9789841
-3.073287,2.4549315,-0.19683523,-1.6589534,7.1958513,5.4918737,-1.1932197,-0.50466734,2.5396118
-4.2722173,3.096359,-0.42773122,-1.8095279,6.684568,6.935133,-0.28345227,-0.6461316,1.6657193
-0.80064094,3.9359472,-0.12503488,1.0993786,4.138723,4.4522896,0.73681,-6.982747,0.4550829
-3.4604015,4.286196,-1.1295598,-0.9657546,4.584358,6.6918993,0.41855088,-1.2159108,0.79138494
-3.9819336,0.65185195,2.6310642,-2.5254161,2.5663297,4.56006,1.243474,0.21193328,0.43245906
-0.78023314,4.5410695,0.106964156,1.8165787,5.705114,4.349371,0.12367981,-4.154803,-0.46073347
1.0076917,3.4808211,-0.7673575,2.928265,5.194159,2.2089233,0.022029303,-4.0304766,0.4638872
-3.721431,4.105161,-0.55601877,-2.0035713,4.3980427,5.681213,-0.13884091,-3.1276858,2.6304665
-3.611438,5.589481,-0.32336432,-1.0652755,5.0633583,4.67777,-0.7212683,-1.0366086,2.0131814
-0.68276584,3.9952447,-0.32408005,3.0462224,5.643276,3.9629104,0.4537293,-5.159953,-2.3434472
-3.519534,3.9763453,-1.294957,-1.4359082,5.5338,6.8650513,0.4149692,1.2434666,2.6432228
-1.8936275,3.5847213,-1.8460722,0.6323655,4.189686,3.2616475,0.4188756,-0.5090063,2.320293
-4.2646985,4.8823857,-0.71996206,-1.6877584,4.1897874,6.7279534,0.37840387,-2.4762175,1.3383996
-3.4191954,3.4953215,-0.50111824,-0.14310327,5.6879983,2.7259932,-0.6233072,-2.219443,2.2349215
-4.9566984,4.3971705,-0.749417,-0.22642902,5.497906,3.2870324,0.21389155,-1.6319822,2.4259481
-4.3480334,4.617986,-0.16749175,-1.0519755,6.0644484,4.195529,-0.7383534,-1.2442544,2.372429
-3.0832372,2.875075,-0.22024293,-0.9322367,6.877948,5.54616,-1.056894,-1.0021806,0.84723103
-2.7923503,3.053013,-0.67022055,-1.5360664,4.6448,6.128623,-0.27529818,-3.368071,1.253021
-1.718858,3.635126,0.107962534,0.044660777,3.418492,2.3213003,0.12006634,-0.9074504,1.7152629
-2.6228466,1.0949892,1.5674852,-2.0434215,4.44201,5.9627438,0.5035253,0.5528312,0.18578702
0.09875954,2.9887125,-1.630637,3.0921264,4.2716246,4.378398,1.6537509,-4.9402957,-1.0993321
-6.3513536,5.0515237,0.093941495,-2.2483087,6.443003,5.9468513,-0.15474787,-1.0515989,2.8542614
-4.0119066,3.2586293,3.5199616,-2.4041588,3.3776052,4.1011305,-0.39931569,0.06845066,-0.7507872
0.8179736,3.6361172,-0.69841444,2.8755956,5.1836405,2.873142,0.11691769,-4.1462374,-0.22506934
-0.9015137,4.960824,-0.29580778,1.4777277,4.232962,5.3404303,0.867329,-5.5015416,-0.65098673
-2.6517537,1.9735588,-1.3906004,-1.3950907,5.236804,6.8908415,0.37675974,-1.3685197,1.8381181
-2.684,4.0457726,-1.14121,-0.9938327,5.1620045,4.8635545,-0.18042952,0.30864874,3.2537174
-2.0191748,2.2955766,-1.409513,-0.20205572,5.4965086,5.733121,0.059727482,-0.6010597,0.85012716
-5.2809043,4.2834516,-0.7403557,-1.6133538,5.936125,6.288964,0.41916528,-0.3525302,2.498659
-3.4472713,2.8599474,-0.19838102,-2.6984181,5.352707,6.978525,-0.6071147,-3.375179,2.1457024
-4.662435,5.1985683,-0.4842463,-2.4289536,4.958642,7.3783913,0.103108816,-1.03733,2.301291
-0.6959597,6.1022043,-0.73623043,3.7086349,3.741982,1.8523173,0.79214656,-5.7027664,-1.1603844
0.05937732,3.431434,-0.45649475,2.1822026,5.8705897,5.2384152,0.32012823,-3.7313995,-1.4091805
-5.2117667,1.7398864,3.2317026,-2.9445195,3.1668653,4.6630807,1.0055127,0.79807186,0.537607
0.43519628,1.990785,1.7185942,0.9033319,2.4325192,5.0021696,1.357034,-4.7481813,-2.8444893
-4.7060475,6.0446963,0.10850887,-2.0012758,4.966964,5.028264,-0.71065426,-2.021849,2.7508826
-2.0359902,4.8323917,-1.3174492,-0.30463699,2.8389008,3.907345,0.16547793,-2.6780882,2.0305712
0.4223677,3.255427,-0.8931759,2.7586637,5.7548676,4.904639,0.5835699,-3.0140157,-1.5097766
-1.5609497,1.7769381,-2.0081306,0.20637742,4.480576,5.002841,0.66408706,-1.4504101,1.3281572
-4.6039243,4.699601,-0.6282528,-0.1096721,5.3068037,4.6207485,0.11629293,-1.9671243,0.4312296
0.40754104,4.237601,-1.0898368,2.1416497,4.597631,4.095105,0.84636366,-2.7523046,0.96103317
-4.427789,4.9822755,-0.89795214,-2.072803,4.818013,7.085756,0.42912352,-0.4066361,2.6306257
-3.7579424,3.6337945,-0.35995668,-2.1976986,6.245261,6.261715,-0.64550966,-0.50657743,3.0101774
-2.531904,2.7743895,-0.7873545,-1.3225465,5.3592796,4.1112585,-0.63657725,-1.920094,3.5575209
-4.509722,3.5407526,-1.4155766,-0.33083734,5.1342773,5.198582,1.0143784,-1.1002146,1.7138695
-3.750305,4.8682027,-0.79092497,-1.6301016,4.3577547,5.1331425,-0.0018730834,-1.6771713,3.184167
-2.0319824,2.0595787,-1.6592242,-1.1236554,5.186758,6.192267,0.3745239,-0.058744222,2.7746341
-2.378509,3.6788893,-1.1433014,-0.54038084,3.891951,4.310739,-0.017831482,-2.9535432,1.834233
-3.1987596,2.903271,-0.4862697,-0.41063014,5.8784966,4.512983,-0.61398023,-2.6284683,0.71479064
-4.677028,2.132177,-1.3959781,-2.1115081,5.4107356,7.2207365,1.1531062,-1.5713526,3.1012828
2.040434,2.3598604,-2.2124171,3.5266848,3.7523904,3.9039347,1.3265648,-4.502283,-0.92287016
-2.8298023,2.9879746,-1.9485694,-0.14549115,3.9626567,3.714029,0.9828204,-1.5047038,3.352744
0.81755936,5.3410497,-0.74412423,3.3582294,3.8540335,2.046978,0.14937979,-5.233821,-0.7109429
-3.5318933,3.523891,-1.1673905,0.12634864,5.0839205,4.106291,0.30357048,-1.7235113,1.2876422
-3.8187075,3.8509214,-0.6495699,-2.0769703,5.5407224,7.69485,-0.06237314,-0.9286264,1.4818829
-3.1061554,2.6385753,-1.262109,-0.7011206,4.4599733,5.455179,0.45924166,-3.2652512,1.1462712
-3.0820622,4.6907263,-1.0865629,-0.48879448,4.79021,5.812559,0.09607538,-0.40007827,0.8986671
-4.7770543,2.5226762,-0.27050585,-2.5501132,6.3947268,6.9086246,-0.2016708,-2.4720726,2.4594302
-0.93047595,4.617761,-1.1807855,1.9966996,3.7472584,4.7465286,1.7435751,-4.657074,0.3641395
-3.3605237,2.092216,-0.15896495,-2.0263562,7.351698,6.7416363,-1.0143642,-0.7815905,1.8708727
-2.9336672,1.6295495,2.253735,-2.4060493,2.942139,5.860212,0.70940065,2.0167952,-0.3775218
-0.0066386405,3.983774,0.0784549,3.806399,3.4068115,1.3634902,1.3953707,-5.206101,-1.7782378
-2.9432855,3.6413014,-0.578053,-1.093218,5.487831,5.1699514,-0.6308764,-1.5750273,1.7799306
-0.78718364,3.727362,-1.7829274,2.710796,3.8479455,4.917755,2.284298,-4.43729,-0.41643244
1.2594398,1.964216,-1.176843,2.330907,5.2390356,3.9037557,0.5652302,-4.028171,0.49907547
-3.1811886,4.9303374,-0.7895239,-0.70304906,4.0591784,6.116082,0.036895595,-2.4715748,-0.03364306
-1.3259517,-0.9985361,1.3630333,-0.98654914,3.9871664,4.326804,0.2621968,-0.65859926,-0.8801321
0.7958895,2.7556412,3.042094,1.679563,1.1437143,0.92909807,1.6296593,-3.2666361,-1.2290727
-3.9562378,4.228879,-0.30105513,-2.4550765,5.075473,7.4540253,-0.2964007,-2.266789,1.6138275
-2.9752383,3.3422928,-0.9913358,-1.8202055,4.3427124,5.7949142,0.04488533,-2.5854669,2.8579626
-2.2373784,3.1964376,-0.99101067,0.42628172,6.07486,4.526714,-0.5039624,-0.020021288,0.45145273
-4.081085,5.2703776,-1.0178031,-1.7805525,3.663449,6.2891345,0.6082388,-1.8646866,2.5574589
-3.6367855,2.5133755,1.7646701,-2.2429838,4.171835,4.264954,0.7468577,0.3528153,2.7952282
-2.9192352,4.5451202,-1.3715926,-0.5246397,4.9219327,5.8527217,0.2935678,0.78322524,1.7109338
0.37561667,4.1886654,-0.44861072,2.3664837,3.8025963,2.9639223,0.3220522,-7.1403513,-0.42159706
-3.7991645,5.3126197,-0.60901326,-1.2152804,4.4408317,7.0725555,0.044305317,-1.8556342,-0.029802851
0.5316714,3.873369,-1.1640831,2.229871,4.622179,4.409239,0.91189754,-3.0370302,0.45977187
2.4463832,1.9418508,0.104651764,3.6669073,1.9430947,1.6751902,2.17498,-2.9102004,-1.4741547
1.6200429,5.2580314,-2.0058327,3.6712873,2.2058299,2.348276,1.2160614,-4.9346704,-0.048585348
-4.1155114,4.797375,-1.1420176,-1.3156774,4.439844,5.514539,0.52542293,-0.9481395,2.8863597
-2.3073606,2.126651,-0.48542112,-0.35014373,6.3124723,4.845536,-0.9405925,-2.1969504,0.36742043
-3.7083578,3.2762184,-1.1319115,-1.5023228,5.5318146,7.1716833,0.4221014,-0.3824378,1.7580572
-5.1500435,5.06082,-1.098918,-1.1021689,4.9817934,5.553334,0.8147491,-0.33606514,2.666782
-2.3948667,3.0649638,-0.9704409,-0.38199726,5.8183517,4.929288,-0.43961123,-0.41018322,1.5160822
-3.415146,1.981022,0.27957743,-1.278229,4.719769,3.8224227,0.5138546,-1.5248551,2.6841896
0.063145764,4.2992697,-0.09192951,1.3613434,4.286742,4.959008,0.22366682,-6.36569,-0.6615621
-2.9801044,2.7441108,-0.88120514,-1.8923475,5.591117,6.668833,-0.19185719,-1.1329187,2.4380255
-1.8457941,2.4898193,-1.8077755,-0.7690041,4.3501396,5.235367,0.4662692,-0.9904303,2.8941917
-4.455984,5.6584153,-1.449114,-0.0038009584,3.919046,5.1014504,1.1673576,-0.6390856,1.2169063
-2.8692274,2.5221171,-1.1418533,-0.914804,5.3121147,5.0392847,0.02473896,-1.6650718,2.3810008
-4.6143336,3.4195416,-0.30440384,-1.1965536,6.031498,6.0150814,-0.19361943,-2.6323004,0.57938665
-2.3698688,3.2823174,0.8602558,-1.248536,2.6504934,3.7354972,1.4196784,1.560731,2.7975912
-0.20919049,3.4134452,-0.90071565,2.9294426,4.431409,4.193487,1.0663021,-6.439602,-1.9399209
-2.3000095,2.1534111,-0.7433824,-0.20702371,6.568348,5.2170906,-0.7194182,-0.91771513,0.45183885
-2.9777737,4.0648794,-1.1032252,-0.7721113,5.4788504,5.2997065,-0.09008027,0.56155336,2.4050293
0.8565984,4.8930492,-1.319787,2.5905113,3.333801,3.3621683,0.9162846,-4.321604,0.54580224
-2.1841407,2.1389601,-1.5296247,-0.8780651,4.5185337,5.830759,0.39821878,-2.182085,1.7744651
-3.5430193,2.0364532,2.7455833,-2.5586736,1.3366591,4.5689,1.3288432,0.5197893,0.37368852
-2.789947,2.643059,-0.99273473,-1.731084,4.9980946,6.7067,-0.022713818,-2.1857243,1.8513482
-0.07804286,5.530086,-0.39176065,2.1604543,3.8619294,5.099771,0.51898843,-5.6374354,-1.9436047
-2.2793865,3.7688916,-1.5685135,-0.8524653,4.486469,4.837849,0.23632482,0.13542452,3.4763384
-2.6240983,1.7615145,-0.36568218,-1.0968826,7.0688667,5.5262017,-1.061424,-1.234284,1.3640267
-3.3566744,4.4076295,-0.17504914,-0.46945164,5.8132677,5.0546513,-0.9239626,-1.8409706,-0.00038760155
-2.8515072,3.80058,-1.0712277,0.22811761,5.2551107,3.6642659,-0.17060757,-0.91126347,1.5923448
-4.266226,2.4190202,1.3836068,-2.8093126,3.559009,5.7155,1.3410825,-1.6341759,2.58287
-4.463904,4.6367865,-1.4302475,-1.3779166,4.445942,6.4628115,1.0588607,-0.38664266,2.6416428
-4.7087836,4.440778,-1.2811388,-0.2335839,5.057349,5.0394006,0.89275014,-0.66004425,1.6016272
-3.0440245,2.254378,-0.29425865,-1.4556636,6.6281424,6.268071,-0.88270295,-1.8363615,0.9976302
-3.189623,1.8649946,-0.3900246,-2.0815036,6.1818323,6.337085,-0.66291934,-2.707885,2.072261
-3.8112962,3.4960105,0.006351996,-1.9072,7.063821,6.2983313,-1.0906305,-0.37176964,1.9517798
-2.7139425,3.3289526,-0.22702272,-1.0735883,4.4513626,5.868892,0.8698808,1.6792222,1.6896849
-3.6220956,2.8285651,-1.0896093,-0.9980972,5.3227673,5.6357803,0.3179644,-1.8293978,1.8532714
-4.789938,2.9041424,-0.6247023,-1.7967798,6.058243,6.5765767,0.22707161,-1.9452168,1.9257777
-3.5354152,4.239922,-0.9984717,-1.4688177,5.032079,7.321888,0.24662086,-0.51062775,1.202929
-3.2002902,3.6472294,-1.6748102,0.49705878,4.924923,5.566203,0.8689309,-0.24260947,0.13193381
-4.478366,4.7498746,-0.0032475702,-2.7792518,5.174844,5.6205015,-0.65108013,-2.3876443,3.7901635
-2.344491,0.6866719,1.23672,-1.5580047,3.7957122,6.0083694,0.64022535,1.3321272,-1.0261903
-2.2436821,3.1310446,-1.6370745,-0.3763416,4.7342315,6.0616083,0.46190605,-0.3788953,1.1928259
0.9849595,2.092008,0.9935476,2.1736288,3.8955185,3.5672073,1.6055961,-2.1278706,-1.0310516
0.74660504,1.9592611,0.72582006,1.4982796,4.5786457,4.1964107,0.66674614,-4.935219,-0.8235517
1.2808359,4.4734626,-1.5379599,2.4647176,2.309268,4.0824413,1.2005183,-6.3186636,-0.29900604
-3.6074166,2.6691265,0.51556975,-1.8054833,4.358002,5.6410847,0.5362951,-1.9548166,1.3212118
0.85797584,3.9704201,-0.7876906,2.8001683,4.1899576,4.045102,0.42277429,-5.869691,-1.7230508
-1.3529972,2.4710782,0.64876217,-0.5870514,2.5495312,2.5747967,1.1624515,1.1835855,2.717889
-3.5627484,5.1685867,-1.0455315,-0.77108634,4.449975,5.8342547,0.26437467,-0.71260256,1.310185
-3.8544767,1.8023405,1.6639737,-1.8977138,4.7473264,6.2593803,0.35592973,0.58094835,-1.0513616
-3.754936,5.374317,-0.88056463,-0.4875516,3.9458342,4.443519,0.18617997,-2.2260582,1.5184478
-2.525864,2.5140688,-1.4538085,-0.50172186,4.958659,5.8598804,0.3802921,-1.4631273,1.128279
-4.9956408,3.451359,-1.1983972,-1.8141937,5.175383,7.5098414,1.0868555,-1.3170981,1.9403312
-4.109007,4.9048524,-0.19570895,-0.5385022,5.485053,4.589718,-0.61791354,-2.1816134,0.5890143
-2.4720244,2.5535226,1.2308927,-0.83452106,2.8127878,5.097987,0.50947475,-0.6230451,-2.043508
-1.8864553,3.6897743,1.1405536,-1.230418,1.151507,3.5189564,1.3438417,-1.224712,1.6886814
-2.1830893,3.7425992,-1.5854965,0.043688864,4.877855,5.00094,0.24179491,0.42775968,1.6195318
-4.4313107,3.5447595,-0.88604397,-2.291382,4.707126,7.0249424,0.5488173,-2.5208068,2.5350828
-3.8438578,3.824373,0.90229404,-1.9891251,3.5037873,4.022952,0.23062378,-3.122775,2.4902444
-4.9762273,4.552667,-0.5964406,-1.1988037,5.4082093,4.418446,0.0839026,-1.6253465,2.9661918
1.0474559,4.3565173,-0.78874856,2.4492009,3.6160355,2.5966532,0.26022467,-5.974677,0.47224075
-3.9777086,6.1728163,-0.84638447,-1.5921421,3.9202049,5.770886,0.22224146,-0.705446,2.7875059
-3.9331026,3.0579884,0.028622556,-2.0648186,7.4364786,7.078312,-1.027824,-0.23882422,1.5069826
-2.4083543,3.1745608,-1.2286125,-1.2440163,5.2666864,5.0421743,-0.14011994,0.023386868,3.6396565
-4.302079,4.0213156,2.77386,-2.3459868,1.8680831,4.841164,0.6811309,-0.725228,-0.77899
0.115147,4.437964,-1.2973963,2.5849967,4.064978,3.285928,1.1538982,-3.7134748,0.93954414
0.85797584,3.9704201,-0.7876906,2.8001683,4.1899576,4.045102,0.42277429,-5.869691,-1.7230508
-1.2345103,2.1402085,-1.6325444,0.24117014,4.7292886,4.0660033,0.0026455745,-1.4294735,1.6945813
-1.9165162,0.1482524,2.1580253,-0.9675237,3.9664094,3.5259702,-0.1607404,-0.31034955,-1.2329803
-2.428022,1.6554674,1.8551896,-1.2987851,2.5245006,4.6432724,0.7172407,1.3220553,-1.2289506
1.1981987,4.6150794,-0.892206,2.6553662,2.6927392,3.2683122,0.51508474,-7.5472827,-1.0455735
1.5457102,2.7384393,-0.7427023,3.3699796,5.2262735,1.3978435,-0.2967527,-5.3139253,-0.05833351
-4.307816,4.2272778,-0.99536616,-1.7588483,5.3120866,7.1933675,0.47594014,-0.21774337,2.1142814
-1.9910573,0.14006472,2.2493558,-2.1305835,2.696019,4.753624,0.48765376,0.37043718,-0.3040461
-3.0659757,3.4056199,-1.0355091,-1.1262214,6.153546,6.4727407,-0.104115106,1.0281676,2.0043948
-3.234212,3.5733058,-1.2434362,-0.22030255,5.3614693,5.997617,0.35341182,-0.43736145,0.47539145
1.1588126,4.5136304,-1.8434246,2.7269065,2.447372,5.2178683,1.5984838,-5.5175104,-1.3944685
-1.8647995,2.6715658,-1.1248643,0.22173917,5.6942215,4.214363,-0.46495488,-0.73340374,1.1293566
-0.40986586,5.853581,-1.6072427,2.7174156,2.619494,3.8471074,1.8717494,-4.578453,0.24574822
-2.892404,3.3618581,-0.6029255,-2.0319865,5.2221646,5.01266,-0.6730221,-1.8372718,3.7989035
-3.2148833,3.4504888,-0.20915361,-0.686996,6.397028,5.568051,-0.9431243,-1.5345073,0.10099978
-2.4061751,3.1566732,-0.4344085,-0.4129747,5.780058,3.8394475,-1.0756087,-2.149009,1.4103239
-3.1000896,4.7957478,-0.17197414,-0.28275707,5.964667,3.5225549,-1.2411599,-0.9221068,1.5042622
-3.2434173,3.8643405,-0.67585725,-1.0397099,6.427988,5.728481,-0.5477141,0.88673073,2.0651903
-2.0276556,3.3094914,-1.621239,0.74361837,5.4384985,5.2690244,0.24630976,0.7816968,0.11691172
-3.62709,2.7519302,2.3242636,-2.5338805,3.3046663,6.226873,0.47182384,1.4240556,-0.6434421
1.9710438,1.3851702,-0.94214195,3.5389495,5.3276186,2.5827446,-0.026342846,-6.260241,-1.5482386
0.641966,4.633597,-1.7666054,3.388879,2.084547,2.9968176,1.6446365,-7.071763,-0.8887609
-2.992485,1.9346627,-0.966333,-0.40632394,5.6191335,5.092169,-0.039294995,-2.8081903,0.73833734
0.94895184,2.8054943,-0.63774973,2.0484462,3.0443757,3.7460482,1.99769,-2.848734,0.889945
-3.0652497,2.8263354,-0.3801679,-0.67032754,6.161472,5.272649,-0.77007586,-2.2504878,0.4047284
-2.2268815,2.587147,-1.0413455,-1.1730672,5.5251064,4.8094344,-0.4441273,-0.87460345,3.1941614
-2.862002,-0.05959458,2.8904781,-1.8810946,2.9769182,3.0844176,0.35023707,-0.9015638,-0.08931535
-2.9908772,5.4833612,-0.5046478,-0.039631993,4.8414106,3.4546988,-0.78534937,-1.3167242,1.3203272
-2.129481,3.425584,-1.2835475,0.497349,5.6866684,4.5658875,-0.19039905,0.5171927,0.80921865
-4.2479978,4.582499,-1.647957,0.11961213,4.2449317,4.9922233,1.2650002,-0.82576483,1.3330656
-1.4087756,2.8336878,-1.9073316,-0.009077221,3.7937176,4.544799,0.45510587,-1.607726,1.9381952
1.3050026,1.8087343,-1.8435353,2.1955752,4.6159744,5.4829206,1.4125903,-3.4436169,0.15152377
-3.0041065,1.6797382,-0.26500803,-1.6955851,7.351375,6.3958864,-1.0260632,-0.97164875,1.6435448
1.3859748,3.92879,-0.68762773,3.1227622,3.9451935,1.799352,-0.10101778,-6.7330017,-0.46392876
-4.4478097,3.05352,3.369662,-3.4795191,3.0886252,5.4181585,-0.0711619,-1.212105,0.11861379
-3.510377,4.156976,-0.27821928,-1.4365857,5.2971272,4.241159,-0.8257536,-2.4070628,2.793292
-4.1499786,5.8129044,-0.09166844,-0.5086212,5.0809746,4.1502876,-0.72532284,-2.1171603,0.82713264
-2.5140886,2.340315,-1.7348443,-1.2911825,4.316774,7.019121,0.83383,-1.6408496,1.8270416
-2.7909293,3.4888399,-0.5831588,-0.6616845,5.929617,4.8579307,-0.7451261,-0.96324486,1.4527631
-3.623561,4.015522,-1.3040891,-0.10204229,5.0451455,4.9657145,0.5045878,-0.595612,1.3729041
0.64791787,4.0881844,-0.4944722,3.4793437,5.128974,1.9225925,-0.121172406,-5.089298,-1.0197581
-4.6283946,3.1341355,-0.3261512,-1.9750315,6.026573,5.5289693,-0.27551505,-2.4655333,2.7764366
-4.4034057,1.7886033,2.2752929,-2.4081407,4.83407,5.744333,0.026134364,-1.1280206,-0.61924046
1.1554683,3.4173148,-0.57002944,2.9231696,3.2754896,3.910513,1.7992281,-2.4129002,-1.1231697
0.6655686,2.386015,-2.1566048,2.8377538,3.346923,4.5783434,2.0865202,-5.628495,-0.3484528
-2.9335637,3.0822618,-1.5025944,-1.929489,4.5176306,7.680477,0.66704583,-0.8869023,2.3305602
-3.0524263,4.4300327,-0.4979716,-0.39637718,5.622155,4.6163063,-0.7379705,-0.9400409,1.019679
-2.4304106,5.657291,-1.4542161,0.605999,3.853729,3.8074095,0.23069969,0.08705518,1.3526728
1.6929857,3.0101411,-1.7022543,3.5145297,4.358968,2.5359328,0.75220084,-3.8188868,0.10182745
-2.3879342,2.7724211,-0.6623301,-1.1296226,6.1654243,4.1326284,-0.9392123,-0.59674186,3.4194965
-2.5331798,2.5026472,-1.265112,-1.8619398,5.1750965,6.286622,0.0751374,-0.7382303,3.4125543
-2.778855,3.4074402,-0.67503566,-0.9057449,5.1184273,5.3749223,-0.47496346,-2.4078162,1.0324476
0.9149679,2.522837,1.2088236,1.6688452,2.3187544,4.4950824,1.8062363,-3.376741,-2.5492773
-3.829268,5.5739627,-0.28614134,-0.977018,4.7967906,5.95674,-0.4320514,-1.8866814,0.2035448
-4.947756,4.559261,-0.36944038,-1.2857591,6.068074,6.218127,-0.088633485,-0.9030688,1.1635017
-1.9176015,1.6137744,1.017427,-1.9204363,3.2344615,4.2693863,1.0378224,0.6618082,3.0657976
-2.4748926,2.661604,-1.0711079,-1.016917,5.473439,4.7140746,-0.29926732,-1.033806,2.9913409
-2.3420324,3.0149152,-1.5441595,0.11668864,5.7256174,6.2757826,0.3156171,0.91635233,0.31675166
-4.123594,5.4864492,-0.7959619,-0.44685474,4.0979667,5.52243,0.3456782,-2.301055,0.1953829
-3.1003299,5.368608,-0.7643731,-0.47186843,4.682414,4.3462753,-0.40013102,-0.76536447,1.8061631
-3.5749393,3.1107829,2.087654,-1.4886996,2.9851758,4.828941,0.37657306,-0.28552952,-1.518964
-1.8624486,2.227366,0.5013018,-0.26023158,1.9887687,2.553081,1.7933792,-0.06681135,1.9638518
-1.1886089,5.710383,-1.4101195,2.1867356,3.0145721,5.375849,2.16811,-4.4288063,-0.36046737
-1.384293,3.1825726,0.6844952,0.11333421,2.141681,2.7402134,1.3555577,0.8470106,0.9845011
1.2860619,3.3300073,-0.9176095,3.313553,5.0558653,1.8442367,0.014680706,-4.3568954,0.107766755
-3.3142653,3.1203907,-1.5739067,-0.2806501,4.2398267,4.845968,0.8383685,-2.3615017,1.6621094
-2.6252344,5.452076,-1.1508045,0.35371122,4.4338894,3.7639446,-0.15593532,-0.08306846,1.4557499
-4.3350477,1.598578,-0.3312934,-2.698055,6.844285,6.9451466,-0.336686,-2.1663747,2.935986
1.0540155,3.1154742,-0.6953612,3.101426,2.1638577,1.9148887,1.9583694,-5.2124987,-0.00953313
-2.1368406,3.3569558,-1.712593,-0.8234949,3.5488613,6.023976,0.67095155,-1.9748682,1.6920656
-4.3480334,4.617986,-0.16749175,-1.0519755,6.0644484,4.195529,-0.7383534,-1.2442544,2.372429
-2.6242135,4.3632874,-1.5040002,0.23965725,4.835977,5.2008214,0.345161,0.5142613,0.93325365
0.117496975,2.0756054,2.4802496,1.400015,0.6447193,2.823466,2.2040982,-2.817567,-2.4984188
-2.9705563,4.109178,-0.51913196,-0.5015415,5.781484,4.6747427,-0.7592809,-0.8490793,1.2462665
-3.320737,3.7387662,-1.3639568,-2.037843,4.5038667,7.962775,0.67312187,-0.61138934,2.1593816
-3.2247386,3.4174688,-1.1223029,-2.0026157,4.7424645,7.5068846,0.33425167,-1.3132559,2.0194032
1.3559935,-0.0073923543,2.1371129,1.0797223,2.2079713,3.840963,1.6498044,-1.736478,-2.1424534
-2.4473464,0.7242838,1.4726027,-1.2723769,4.6253304,5.396245,0.057685934,0.38901663,-1.375279
-5.304329,4.132765,-0.14184232,-1.7622538,5.9136357,6.44972,-0.10246567,-2.486897,1.1116713
-3.3285794,2.5458283,-0.57067245,-1.0817101,5.560545,4.3528194,-0.47562525,-3.194043,2.2041602
-2.9914732,4.2617097,-0.7155872,-0.7449168,6.1227036,4.5990763,-0.6682154,0.9142976,2.6892796
2.3202028,3.1012752,0.30993432,3.254278,1.258588,0.2329816,1.6456436,-3.8593118,0.14055496
0.4954244,4.241694,-0.5984799,3.2364252,5.6078453,2.4067142,-0.0036032572,-3.13311,-0.33300763
1.6288348,3.2923744,-2.0154548,3.202471,3.5771945,2.7405863,1.2034603,-3.857492,0.92801434
0.21894205,2.361366,0.73211056,1.4297098,1.6947559,3.524515,2.5478072,-5.789403,-0.0706638
-5.028082,5.4408526,-0.1849943,-2.2851484,5.1924295,6.7026386,-0.15439573,-1.5075011,2.1861398
-1.3239614,4.1057525,1.476456,1.4463542,2.8105285,5.2730355,1.7065761,-4.531748,-3.6985185
-2.114326,2.8044095,-1.1697097,-0.5630051,4.838185,4.4687014,-0.22606501,-1.9519976,2.1035075
-3.898527,3.9206955,0.006626535,-1.3131307,4.296958,4.182163,0.9062464,0.89359874,3.4456117
1.7583547,2.5478427,-1.4488631,3.262036,4.3519583,2.9449778,0.56856513,-5.153866,-0.50216085
-3.7285728,3.9882252,-1.3277031,-0.035675377,5.018823,4.950901,0.5853242,-0.718454,1.2604153
-2.8573701,2.9459593,-1.1275325,-0.47177777,5.245308,4.6405945,-0.011810876,-1.528377,1.9027419
-2.9950743,3.4264925,-1.0918721,-1.6407485,5.5319853,6.2909565,-0.04000915,0.25357822,3.0356627
-2.9369733,4.5116754,-1.003473,-0.57015157,5.7895613,4.8062086,-0.32005984,1.4488524,2.667163
-4.072672,3.4670303,-1.539091,-1.1747404,5.0864367,6.702937,1.0283896,-0.12845716,2.264874
0.7203505,4.339961,2.0910017,2.2690444,0.09898947,2.4441462,1.4598175,-4.462052,-4.040167
-4.891783,3.872652,-0.15488537,-2.6703932,5.5938463,6.130297,-0.30810496,-2.6546605,3.2270198
-4.3923516,5.4884915,-0.64643866,-1.3139056,5.003367,5.425646,-0.016148873,-0.6041694,2.395658
-1.1059409,5.7470484,-0.3527642,3.3438241,4.110567,2.713974,0.69451606,-6.560027,-1.9951401
-2.3333287,2.9187014,-0.8689534,-0.3735284,5.121626,3.9865382,-0.5188898,-2.4349878,1.6786928
-3.0471685,3.677657,-1.7611865,-0.30186152,4.0243397,5.0886083,0.91691685,-1.2764647,1.9918065
-0.29792058,5.6895924,-0.31207407,2.850888,3.6637251,3.9112942,0.44844353,-7.07617,-2.624797
-3.3046603,3.8881571,-0.4833997,-2.059251,5.286928,5.52466,-0.6223334,-1.6238439,3.225286
0.53654754,3.4495528,-1.0073681,3.8198326,4.926604,3.2996223,0.5974178,-5.464733,-2.5713363
-3.9461327,4.184259,0.10221498,-1.6868962,7.3274584,5.6072764,-1.2978793,0.5992581,2.4086704
-5.411924,5.0627017,-0.17402978,-2.2185192,6.1974497,6.830105,-0.20337021,-0.3333324,2.3289154
-4.298103,2.3533576,-1.0711217,-2.1661708,5.1513805,7.1544185,0.69092774,-2.669197,2.4015148
-3.3859186,4.6771026,-0.42035145,-1.644883,5.195108,4.847058,-0.7257886,-1.2284536,3.1038833
0.3253609,4.4985366,-1.6834946,3.857684,3.4370315,2.95222,1.4613862,-5.2190294,-1.3125305
-0.9060514,3.620253,-1.3128288,2.5898764,4.6423326,5.3561707,1.835644,-4.2640896,-1.1855167
-5.0197215,5.244065,-0.21398862,-2.0403926,5.117937,7.2761374,-0.0016922727,-1.9821597,0.9875385
-1.1317097,5.196362,-0.7498773,1.9558245,3.6801865,5.0485573,1.4553511,-5.503663,-0.6943022
-4.6476665,4.301643,-0.11526914,-2.2450745,5.7645326,5.1202884,-0.5745048,-1.8822025,3.5867286
-4.6323466,2.5792396,0.3945759,-2.1998436,4.736408,3.8897824,0.7808145,-1.2396836,4.5832834
-4.913322,3.9484458,-1.4531177,-1.2707781,5.1250257,7.2887506,1.3030145,-0.14825115,1.7734133
1.0674734,3.0440183,-1.1522439,2.7193327,4.598062,4.2460227,0.68846506,-4.702674,-0.9286403
0.35302985,4.515982,-1.339627,2.8396115,2.4976149,2.3000898,1.266802,-7.1859684,0.44459242
-3.049141,3.4071953,-1.4371871,0.1513395,4.699416,5.3651385,0.5770327,-1.56746,0.26949382
1.0226562,3.866525,-0.7751754,2.3882022,4.0762496,2.8829868,0.25287244,-5.581891,0.42135972
-4.79602,4.598622,-1.2819175,-0.651952,4.8932276,4.4641523,0.83775437,-0.572872,3.084292
-4.301297,3.6711347,-0.8833663,-1.6588166,5.6306973,4.972073,0.15285301,-0.58485764,4.0633745
-2.340297,3.2738023,-0.72119206,-0.16360646,5.6532965,4.165168,-0.7490833,-1.4125404,1.184471
0.1582433,3.1723998,-1.9614184,2.367791,3.1610038,4.295703,2.0893004,-5.3059754,0.8037674
-3.4999776,2.8640254,0.9379701,-2.2071464,5.487338,4.0289106,-0.41946998,-0.38867542,3.7615373
-0.08723175,2.3865378,-0.39776486,1.653013,5.1381044,4.705116,0.5591924,-6.460552,-0.48614126
-4.059735,2.6216667,-0.5966391,-2.3285937,6.1039143,6.0387244,-0.19334438,-1.4763556,3.6350324
0.9653288,2.282904,-0.42684895,2.0042422,5.5195036,3.3840735,-0.09389234,-5.22968,0.42610115
-1.9562187,1.3935905,-1.7085607,-1.3194342,5.2779255,6.85544,0.48983935,-0.46157536,2.4579234
-4.313044,4.4895034,-1.4043727,-1.3509641,4.4787135,7.1598034,1.0514013,-0.55329186,1.7484882
-4.300142,5.804098,0.17044227,-1.7762892,5.920251,5.1124916,-1.1440716,-0.58812565,2.5147226
-3.1090097,3.7033026,-1.4957818,-0.04737982,4.1988564,4.3315306,0.60597265,-1.8919038,1.7183715
-4.009222,3.6874654,-0.056437563,-1.9690067,6.5820017,5.982142,-0.9066688,-1.0175961,2.2868052
-4.772665,4.684136,-1.0148735,0.076815695,5.2062745,3.5698109,0.5089297,-1.0045437,2.0592484
-4.072672,3.4670303,-1.539091,-1.1747404,5.0864367,6.702937,1.0283896,-0.12845716,2.264874
-3.3508296,5.0728636,-0.65487367,-1.0216718,5.3872766,4.8372383,-0.515432,0.1770381,2.6189191
-1.4377666,3.5631754,0.6217676,1.8472134,4.4589834,4.313137,1.7162757,-4.0782003,-0.98089355
-2.7665665,3.5378904,-0.93631035,-1.7290467,4.7160854,5.3479447,-0.25258157,-1.6884662,3.3071623
-4.1349607,2.9469872,1.4902854,-2.2824273,3.3928378,5.1000733,1.2472501,-1.3357903,2.0036616
-2.6797385,4.4716973,-0.6666147,-0.98878574,3.9100187,3.9337065,-0.4788302,-3.2106068,2.4091187
-4.76619,4.292485,-0.5195574,-1.9993814,5.2621803,5.0858436,-0.0087604,-1.845549,3.7065346
0.32279527,2.5855844,0.9766099,1.8737972,1.8259329,4.5528584,1.8505883,-5.197185,-3.5807247
-5.2350597,2.5976055,-0.68478554,-1.7971501,6.3094463,6.5066977,0.44381484,-1.8989656,2.1775281
-0.06773459,2.1216676,2.2233412,2.2293098,3.1906364,2.7086952,0.9893456,-3.8790996,-3.7943218
-3.9263363,2.8383777,-1.1772505,-1.3927451,4.802218,5.319129,0.5533824,-2.5962212,2.878462
-2.4592984,2.978224,-0.79605895,-0.38677815,5.0281935,5.379881,-0.38117942,-2.9215858,-0.030631714
-4.883425,4.6195273,-0.43141967,-1.1037431,6.220783,4.989412,-0.22180882,-0.3586665,2.3535054
-3.4455137,1.5898952,1.8832103,-2.377888,5.020325,6.338768,-0.34440672,-1.3746219,-0.8829604
-2.828591,2.5179026,-0.47169226,-0.8757616,5.8448563,5.042465,-0.7415945,-2.7825313,1.0034298
-2.4677637,2.2653365,0.21828721,-1.9326617,4.5245805,5.0844707,0.2588385,-0.35513005,3.0072665
-3.410434,3.9903579,-1.1501315,-0.59130645,3.9188066,3.8682146,0.35386744,-2.9374804,2.5033433
1.6576146,3.6220622,-1.1330978,3.4844196,3.66274,2.4782434,0.3144332,-6.6392813,-1.3554337
1.364668,3.5231233,-1.3101714,3.9774294,4.8717346,2.5796173,0.42320982,-3.973167,-1.4421468
-4.1349607,2.9469872,1.4902854,-2.2824273,3.3928378,5.1000733,1.2472501,-1.3357903,2.0036616
0.4345399,3.7943075,-0.81783205,2.928242,4.5212636,3.1453154,0.53170365,-5.4534597,-0.77905095
-3.382832,1.3645911,3.0653515,-1.7854238,2.6672695,2.862594,0.16860856,-1.9836398,-0.54054695
-0.19449031,1.5796145,2.4969301,1.3301011,4.904258,4.13603,0.38969156,-2.9086928,-3.3010068
-4.3319025,2.816583,-0.59127516,-1.6585093,6.263567,6.535653,-0.02023793,-1.527871,1.7392987
-5.021216,5.804464,-0.79218537,-1.9672457,4.6955194,7.0666647,0.55536056,-0.27428088,2.358626
-3.4651208,3.856691,-0.37189358,-2.1506875,6.0589657,5.5194163,-0.8144624,-0.3874285,3.7075164
-4.3704505,1.128535,3.3875465,-3.1669464,2.9605072,4.569403,0.74220955,0.8053986,0.79309994
-4.662969,2.998807,-0.7117229,-1.5724608,5.823203,4.761945,0.1850686,-1.8533186,3.5706596
-3.4405203,3.3823035,-0.48626465,-1.9914933,5.5693927,6.686577,-0.44240806,-1.8630193,1.8354474
-4.599222,2.0817263,-1.4205717,-2.0310414,5.3660593,7.1173506,1.1548418,-1.6552886,3.0488384
-4.027398,2.813022,-0.6929483,-2.0057623,5.616941,5.702359,-0.053739466,-2.1758342,3.2048454
-3.1619477,2.879803,-1.5876542,-0.34387276,4.3010163,5.1108904,0.811981,-2.4200172,1.5092233
-2.9867604,4.381223,-1.4071373,-0.13833693,3.5172708,4.361929,0.5722947,-2.4389753,1.5157404
-5.05757,4.5067496,-0.128877,-1.4120739,6.4491057,4.4243164,-0.5520809,-0.8821847,3.0305212
-1.8475296,2.2566926,-1.846387,-0.10518885,4.5243216,5.961919,0.6326496,-1.2698885,0.75978047
1.5153712,3.4224367,-0.72893614,2.5485585,2.403779,3.3884819,1.8327605,-3.406172,0.056989618
1.2860619,3.3300073,-0.9176095,3.313553,5.0558653,1.8442367,0.014680706,-4.3568954,0.107766755
-3.0078387,3.7294998,-1.6996037,-0.4545751,4.248148,5.092158,0.77741635,-0.7994857,2.3650866
-3.50349,4.022195,-1.0145451,-1.9869999,4.6619625,7.6380987,0.34162852,-1.1499565,1.7565856
-1.4742445,3.3455255,0.9127416,0.31278026,2.7025888,1.9385912,0.90372705,0.9059626,1.1635044
0.68649316,4.3279624,-1.2322918,2.0939534,3.7148464,4.1914454,0.9895773,-4.0980997,0.70830446
-2.8873446,5.4676194,-1.1654636,-0.10215834,3.4936714,4.8585763,0.26868647,-1.8056732,0.733203
0.49905503,3.6060727,-0.59950346,2.6733782,5.32794,4.173568,0.2821773,-4.263957,-1.3089517
-4.444884,5.6830115,1.0744128,-2.2735963,3.8040936,5.730188,0.21518809,-0.87386614,1.7206521
-2.1804209,3.0804336,0.46372652,-0.07749793,4.859052,3.2867062,-0.23947236,-0.3399833,0.76118827
-3.0612888,0.46745414,2.253892,-2.9457982,4.538104,6.0995235,-0.20372501,-1.6783452,0.00473053
-2.286424,3.4078665,-1.6605124,-0.4198273,4.214441,6.0996904,0.5750717,-1.0591079,1.0216429
-2.4026778,3.045132,-1.6148123,-1.6872033,4.2284575,6.230981,0.49576518,-0.9288213,3.4649487
-0.80674636,3.9570992,-0.10390504,0.99050415,4.124506,5.060302,0.75016093,-7.119947,-0.046467
-0.9103806,1.4249824,0.8328581,-0.37740698,2.9154992,2.4382322,0.95087564,0.43688813,1.9928133
-3.458325,3.8566687,-0.97192305,-1.1719773,4.797531,5.094451,0.06653937,-1.7228183,2.5479245
-2.5705552,3.9729888,-1.2244555,-0.49998906,4.8412843,5.159046,-0.0026814714,-0.4719567,1.7775117
-0.051971547,4.5390472,-0.09997459,1.3437968,3.852414,4.3178034,0.33187732,-6.779495,-0.039314084
-2.730322,4.254594,-1.2529942,0.07413739,4.553384,6.004801,0.24230179,-1.2534473,-0.5243332
1.4227359,4.6240644,-1.9343846,3.8904765,3.3879,2.8420236,1.1467698,-3.6615086,-0.6911571
-4.1289535,5.2356496,-1.4564991,-0.17750868,4.3072605,5.2195253,0.9542097,-0.15993664,1.5886323
1.0900542,3.1600463,-1.4824382,2.0412874,3.4498198,5.6072726,1.2834258,-5.5763803,-0.79335093
1.6360403,5.6043897,-2.0001597,3.7408984,1.8000199,2.271875,1.2528193,-5.36695,-0.27692455
-0.78718364,3.727362,-1.7829274,2.710796,3.8479455,4.917755,2.284298,-4.43729,-0.41643244
-1.7820321,1.1693558,-1.4936391,-0.76994276,5.671779,6.233437,0.1335276,-0.9175237,1.5643332
-4.4262133,3.1001277,-0.08114047,-2.143329,6.8280554,7.144163,-0.5983445,-1.3997175,1.4063464
-2.7265089,3.097098,-1.757626,-1.0758213,3.8887262,5.982457,0.8612832,-1.7383884,2.4474082
-4.891783,3.872652,-0.15488537,-2.6703932,5.5938463,6.130297,-0.30810496,-2.6546605,3.2270198
-3.8447568,3.7121258,-0.27349216,-1.0800889,5.9784474,4.9180737,-0.66739637,-1.9981647,1.5674248
-1.9176015,1.6137744,1.017427,-1.9204363,3.2344615,4.2693863,1.0378224,0.6618082,3.0657976
-4.0422087,3.7529671,-1.3349243,-1.183542,4.0919867,6.481827,0.9810247,-2.504421,1.4317858
-3.5039966,0.94806796,3.3449855,-3.078982,4.346863,4.944778,-0.4015911,0.20006093,0.22564584
0.88363206,3.7366471,-0.8849471,3.1109457,4.3289323,3.9623146,0.47516382,-5.938258,-2.1680036
-3.4697914,3.4980633,-0.97036284,-0.37263814,5.679643,5.1379347,0.028264008,-0.79676604,1.2378945
-3.7319787,4.7995367,-0.659733,-2.0406358,4.2324452,6.7171597,0.056708716,-2.133841,2.0411367
-0.69541276,6.710795,-0.9585846,1.8044195,2.4860528,4.3415318,1.4329139,-5.0020876,0.6392254
-3.7011886,4.8459,-0.9038468,-2.0305042,4.5957623,7.00898,0.19311327,-0.5825937,2.5151057
-4.478366,4.7498746,-0.0032475702,-2.7792518,5.174844,5.6205015,-0.65108013,-2.3876443,3.7901635
1.0263056,4.70954,-1.6972699,2.8476007,3.341525,3.3554533,1.1869061,-3.456034,0.7450338
-0.10242855,5.2596555,-0.021817874,3.3891776,2.3184562,2.1301093,1.718174,-5.1131353,-1.6056207
0.8763679,4.629476,-0.7366472,2.345012,3.2274265,3.476438,0.44802937,-6.657749,-0.5053325
-3.3235083,3.5649168,-0.32463926,-0.89095175,5.8523884,4.534157,-0.8219254,-2.0882227,1.5826246
-3.3399503,5.374169,-1.135167,0.08025733,4.666478,4.0837154,0.10424549,-0.0024475735,1.7689123
1.5683857,3.4944866,-1.0311899,3.0277243,3.9638433,1.9748746,0.1702213,-5.9179435,0.22301286
0.19598544,4.2531166,-0.86394197,2.7309325,3.828184,2.2605164,0.6738062,-6.140523,0.44730282
-0.27677238,4.476417,-1.6071914,3.3841958,3.6269755,2.2545352,1.5725763,-4.803254,0.5394258
-0.16115177,2.828338,-1.047556,3.1972022,4.6329637,3.7911775,1.1518887,-6.5327053,-1.8726778
0.7179383,3.2833107,0.6619827,2.7971737,4.470414,3.0890696,0.54748094,-4.537816,-2.1960802
-1.884891,2.3054855,-0.8576997,-0.11545411,5.8375664,4.0589542,-0.74732506,-1.5985821,1.3665924
-3.5031505,3.0098898,-0.9169033,-1.9344965,5.424734,6.184473,0.018498383,-1.2921263,3.0733395
-2.2925868,3.6935992,-1.5630962,-0.9555069,4.500968,4.9167905,0.24496698,0.12001625,3.5991156
-2.8646936,3.2984211,-1.8775196,-0.12561652,3.852586,4.829608,1.0136086,-1.758639,1.9155965
-2.8021293,1.837076,-0.5861843,-2.1457052,6.657653,6.0912657,-0.74490273,-0.7032723,3.3700862
-4.4871354,4.6561255,-0.6854426,-1.4741584,5.481998,6.194599,0.10782673,-0.5615217,2.0504856
-0.10242855,5.2596555,-0.021817874,3.3891776,2.3184562,2.1301093,1.718174,-5.1131353,-1.6056207
-0.9173976,4.1334143,-1.2832159,3.2936049,4.1512146,2.2881494,1.5298163,-5.441804,0.21303135
0.3973912,4.2005115,2.331296,2.1211803,0.42283106,2.2929528,1.3159992,-5.168192,-3.9387555
-3.8054085,3.3303087,-1.6424367,-1.6191044,4.6713095,5.498182,0.93619615,-0.3797966,4.4771714
-3.7154195,1.9721773,-1.1435723,-1.34904,5.6207075,6.4416523,0.47477958,-2.0477526,1.7859641
-3.0323272,1.6563584,-0.68621117,-2.034991,6.351231,6.5336833,-0.43663922,-1.5807827,2.5502872
-4.913322,3.9484458,-1.4531177,-1.2707781,5.1250257,7.2887506,1.3030145,-0.14825115,1.7734133
-3.123982,4.830856,-1.0690958,-0.77641666,4.9179344,4.9447155,-0.060659178,0.20097628,2.5746512
-4.6283946,3.1341355,-0.3261512,-1.9750315,6.026573,5.5289693,-0.27551505,-2.4655333,2.7764366
-2.129171,4.5874333,-1.5846564,0.30603775,4.2964773,3.9239879,0.17342535,0.26411828,2.093049
-4.2019997,3.7717934,-1.4968003,-0.085246354,4.506652,4.3675485,1.0148711,-1.7344643,1.9376194
-2.9752383,3.3422928,-0.9913358,-1.8202055,4.3427124,5.7949142,0.04488533,-2.5854669,2.8579626
-3.5031505,3.0098898,-0.9169033,-1.9344965,5.424734,6.184473,0.018498383,-1.2921263,3.0733395
-5.2558627,3.4538953,-0.16164549,-2.5240614,6.1272597,5.1797643,-0.19681177,-2.0047386,4.321748
-2.4149642,2.2909257,-1.6716455,-1.2144539,5.0321636,6.268443,0.535062,-0.2989243,2.833642
0.95791173,3.662348,-1.393299,3.360643,4.9751425,3.4334767,0.7647545,-2.7157674,-0.52763814
0.22526777,4.3614163,-1.5423748,2.061433,3.487503,5.0040107,1.6096747,-3.8153214,0.48560542
-0.60725987,4.6237955,-1.2125024,2.372779,3.839176,5.7085967,1.6662028,-4.773091,-1.5243514
1.3010412,3.030403,-0.99731046,3.6832492,5.142828,3.1809082,0.21856412,-4.9475694,-2.1281364
-5.3527007,4.75328,-0.18398507,-1.414553,5.8895345,4.4318123,-0.2800712,-1.7514616,2.8206367
0.1367904,3.3089967,-0.96401864,1.7760904,4.3557377,5.7074213,1.0928713,-5.281698,-0.7991644
-3.2628634,3.1799428,-0.9053101,-0.3588054,4.8999577,4.0411353,-0.05453778,-2.9824085,1.5437229
-3.365343,4.6927876,-1.6214386,0.1589264,3.6327968,5.8086243,1.0636874,-1.682432,-0.016935878
-2.165023,4.1627173,-1.7622583,0.69815147,4.1232514,3.339156,0.42766628,-0.35268947,2.0264573
1.5008655,3.5370293,-1.6269584,3.8011832,4.563008,2.1213336,0.6557584,-3.192789,0.01743836
-2.260214,2.5761824,1.6237885,-1.0049363,1.7976648,4.5802364,0.7872875,0.22755945,-1.6999536
-4.323827,3.117755,-0.7616901,-1.7159461,4.930638,5.991369,0.31135046,-3.3797512,2.0161977
-1.9924842,1.5158283,-1.1640962,-0.9710735,5.3257594,6.006866,-0.065595366,-2.1682308,1.358435
0.5725528,1.8180218,1.624067,2.1269767,3.9143834,3.9275503,0.7097497,-3.951225,-3.9772243
1.0165806,-0.2703646,1.9538361,1.5962175,4.4143934,3.5807495,0.5525364,-4.5219364,-2.9321127
-3.7643871,2.6477168,1.4070224,-1.4531881,2.9051473,5.57777,0.9881253,-0.6972025,-1.3917935
-2.023184,1.7378901,-0.8187782,-0.9952934,6.153255,4.6612005,-0.76189196,-1.3628875,2.5973206
0.8781041,3.2962534,-0.7116578,2.8995585,5.5291324,2.6801422,0.04813903,-3.7387233,0.07246179
-3.1753266,1.6574627,1.2431711,-2.4946437,3.3462296,3.6992347,1.1902788,-0.21724042,4.375623
-3.4587653,4.651937,-1.0109957,-0.8915173,4.9412594,6.8795776,0.2131001,-0.44950607,0.4990409
-3.545556,4.3769975,-0.6694171,-1.8231546,5.3322935,6.179249,-0.29567817,-0.5261214,2.6684904
-4.289838,4.0724525,-0.5349279,-1.9402679,5.32836,5.2797823,-0.18921474,-1.7833,3.366335
-4.2679467,3.3922617,-0.7728697,-0.43833193,5.485277,5.2601023,0.22589654,-2.5099685,0.49468338
-2.1686468,2.2310507,-1.339614,-1.1360323,5.50214,5.710108,-0.027195998,-0.36112604,2.7717934
1.0296184,4.106307,-1.2022027,2.9138932,3.5155694,4.6994114,0.8662033,-6.070465,-2.208302
-3.20887,3.9643033,-0.13453253,-0.6468998,6.7276597,4.5086594,-1.2422605,-0.39017317,1.3981094
-1.659569,2.742129,-1.5249115,-0.057115287,4.5857954,4.4815702,0.036560647,-1.4184226,1.6855502
1.047084,0.75486565,2.0512605,1.1960012,1.432412,3.4590623,1.71232,-4.1267943,-2.3956854
-2.7994933,3.2618535,-0.8171118,-0.28580394,5.513115,3.3500826,-0.53075284,-1.5956155,2.4220715
-5.4232335,5.076567,-1.0007615,-1.2397962,5.187244,6.7169404,0.90396166,-0.31562766,1.6116688
-2.8692274,2.5221171,-1.1418533,-0.914804,5.3121147,5.0392847,0.02473896,-1.6650718,2.3810008
-4.4176507,4.4551263,-0.4034601,-1.7464172,5.823395,5.3829813,-0.3649538,-0.82693654,2.9945998
1.1788783,5.5197015,-1.8495321,3.0078514,1.8538715,4.148336,1.4973245,-5.671006,-0.9430463
-2.78802,3.1186619,-0.27530712,-0.9592333,6.531344,4.3331604,-1.2139904,-0.9977489,2.210908
-4.3341675,2.9717119,1.9149902,-1.5564626,3.4771476,5.0007057,0.48909196,-1.690091,-1.4179277
-1.4969531,4.842483,-1.1075153,2.038558,3.8109796,5.745822,2.0175703,-4.881007,-0.87099046
-3.1638434,3.3765833,-1.2817777,-0.9932246,6.191812,7.3889117,0.2914189,1.7769461,1.3640745
-2.261295,3.7415223,-1.2627764,-0.47003886,5.096912,4.263403,-0.21185601,0.11468819,2.9021993
-1.8925095,2.6436355,-1.1701554,0.08100417,5.234455,4.5972915,-0.2962874,-1.5728426,0.78678435
-2.4303927,3.5367644,-1.3337705,-0.51609004,4.695777,4.9911985,0.09056213,-0.9264353,2.0020354
-2.1023705,2.3794124,-1.4581798,-0.64663386,4.693447,6.1671944,0.2863297,-1.8584604,0.9265915
-4.1615705,5.5973597,-0.8424482,-1.7100997,4.404602,6.827027,0.33032265,-0.60050356,1.981328
-1.9278032,2.2939372,-1.469838,-0.8153775,4.8476315,5.4695306,0.10679265,-1.376054,2.171909
-4.9658923,3.2034087,-0.14374156,-1.9586223,6.938594,6.486488,-0.39850932,-1.2592578,1.9202195
-2.914539,4.409196,-1.310743,-0.7674291,5.511692,5.290368,0.07147785,1.8485225,3.134831
-3.140491,4.0280013,-1.2474695,-1.1359175,4.6890283,4.7783,0.1769163,-0.59570473,3.5164237
0.90734184,3.936353,-1.70873,1.8102189,2.6581748,6.221217,1.7062166,-5.4621086,-0.65105724
0.55292857,3.9448888,-1.2456685,2.0217903,3.8530993,5.697286,1.2002344,-4.5541778,-0.824214
-4.005559,3.2385368,-0.48037857,-1.2642161,5.3575735,4.6212983,-0.29053116,-3.2988625,2.1514032
-2.1139703,2.7646296,-1.6132748,-0.7821733,5.110323,5.564274,0.27475896,0.32108435,2.7605867
1.0316385,6.067063,-0.21731885,3.3083808,1.4858098,1.831721,1.3836806,-4.3204155,-0.8304386
-4.447689,4.479095,-0.32032448,-0.7048627,5.3312936,4.513188,-0.3123618,-2.795386,1.0429543
-2.970786,3.1036072,-0.25445634,-0.2767531,7.1394587,5.090475,-1.1455278,-0.53246415,0.21707374
-1.5983785,2.9376886,-1.7591723,0.4739578,4.9468937,4.4691124,0.21425924,0.18340454,1.4634413
-3.9909327,3.6945627,0.6154528,-1.3359063,4.6981397,4.489103,0.33542493,-0.7040232,1.8370097
-5.1874537,1.8829455,3.2158818,-3.1464934,3.544605,5.014413,0.6503067,-0.08845648,0.46937805
-0.6737082,6.340628,0.22809784,1.4184215,4.0386224,3.7641444,0.064351164,-5.3248596,0.3901481
-0.65790236,4.571064,2.5735564,1.32679,2.498542,3.8398056,0.6745035,-5.187232,-3.826665
-1.0953465,4.0271435,-0.8186014,3.3036964,4.885892,3.3127472,1.1984721,-5.578208,-1.514796
-4.4240136,2.364041,-0.6667207,-0.50865805,6.0952272,4.7770967,0.091140844,-3.199681,0.9186256
0.62263215,4.2724333,-0.3194806,2.111403,3.912755,3.809333,0.1487838,-6.834856,-0.91398424
-1.8948741,0.39609843,1.744629,-1.2619201,3.2709675,4.539098,0.38340494,0.5702433,-1.1070044
-3.154706,0.47387347,2.1060252,-1.0575684,2.8227808,2.528002,1.1022034,-1.8295271,0.2322455
-4.959279,4.545191,-1.1301532,-0.8582734,4.952818,6.864711,0.98823583,-1.0720185,0.5953764
-4.1334863,5.1394644,-0.50254136,-1.8314427,5.6686316,6.2517366,-0.33578053,0.33765116,2.681402
0.5238501,5.654465,-0.5780311,2.4355838,3.2605178,2.9549234,0.3199014,-5.9352474,-0.12880653
0.92894185,4.410407,-1.1486125,2.9063485,3.4997303,4.4463606,0.81893456,-5.844734,-1.9316952
-2.2606049,2.0775368,-1.0748514,-1.533389,5.4913287,5.5549793,-0.3064057,-1.3582999,3.0556326
-4.6086397,4.9100747,-0.5472352,-0.93530405,5.267928,4.2672815,-0.104347385,-1.5173467,2.4934044
-4.915153,3.806431,-0.62378865,-1.4360713,5.510228,5.6639304,0.24770364,-2.1729531,2.0297961
-3.0815065,3.9085422,-0.77170986,-1.4165462,5.575407,5.4216495,-0.43182978,-0.23755905,2.8760078
-4.001339,1.5504228,3.0960627,-2.6286511,3.0919268,4.110135,0.17013505,-1.8705807,-0.052933387
-4.5024104,3.9449635,-0.13158114,-2.7669582,5.3125324,5.211862,-0.46999297,-2.6465607,4.3754725
1.1639973,4.434666,-1.1913596,3.592406,4.218029,2.1211479,0.40495983,-4.2165103,-0.3990019
0.31790543,4.2587323,-2.0693445,3.6120965,3.0867262,2.646939,1.8523517,-4.797271,0.17053574
-1.8781934,2.0028214,-1.6643106,-1.0493337,5.1833944,5.613476,0.29994974,0.06794348,3.288205
-3.2097363,1.5584688,2.6025035,-0.7797773,2.1898518,1.8305727,1.1162858,0.100926965,-0.10079508
-4.8746266,3.5466418,1.1810409,-1.6524574,3.8351495,5.351408,1.6667708,-0.108923286,1.320888
-3.5871625,1.9928297,-1.3459463,-0.69285226,5.016232,5.3549056,0.68787426,-2.9610739,1.5669093
-2.850802,2.9778547,-0.583999,-1.3970193,6.0214853,5.354725,-0.72012883,-1.0611247,2.4233031
-2.3879342,2.7724211,-0.6623301,-1.1296226,6.1654243,4.1326284,-0.9392123,-0.59674186,3.4194965
-3.8716636,3.4889512,-0.7977117,-0.51363075,5.3793716,4.222303,-0.022927113,-2.1948402,1.8342649
-1.5729973,1.6778162,-1.5233017,-0.04987304,5.6031575,5.203885,-0.0072614923,-0.60763294,1.2724249
1.2863334,4.647388,-1.5997016,4.1534805,3.8239033,2.9347546,0.8382029,-4.150306,-1.9126768
-2.5423136,3.384845,-0.843998,-0.59464395,4.8463783,3.5029366,-0.5179805,-2.451558,2.5843148
-2.8910248,2.5355167,-0.64162403,-2.026105,5.6194906,6.098798,-0.524552,-2.02138,2.6921368
-2.9704528,4.4934645,-0.82955176,-1.5351508,4.1646247,5.269088,-0.1874597,-2.0236206,2.7345672
-3.1638434,3.3765833,-1.2817777,-0.9932246,6.191812,7.3889117,0.2914189,1.7769461,1.3640745
0.10119689,5.9381595,-0.12084372,2.7769039,4.167593,2.8814852,-0.08999739,-5.503233,-1.2196912
-3.3828967,3.0219288,-0.19109769,-2.2910786,6.1176133,5.9900465,-0.9310576,-1.9175373,2.7832236
-0.23019159,5.50299,-0.25413436,1.7094427,4.014142,4.7828546,0.45937333,-5.1205277,-0.63680834
1.1180743,3.099296,-1.1188244,2.1908514,4.2482457,3.7716463,0.642333,-4.8776207,0.57215184
-3.7318654,5.747501,-1.1413778,-1.4587234,4.0627503,6.970129,0.5365945,-0.026768772,1.8695705
0.26412642,4.157786,0.45404452,2.6938517,3.6691525,3.1219256,1.0495716,-4.3638725,-1.6512784
-4.024101,2.9220786,-1.7838918,-0.68261516,4.711197,6.0664263,1.3521854,-1.1426736,1.9784216
-5.306956,4.2810874,-0.24780722,-1.3607752,5.829771,5.0860558,-0.10227578,-2.3407693,1.9325588
0.8311348,2.1433601,-0.37990218,2.1391726,6.017413,3.5862725,-0.12619647,-4.6414185,0.0661462
-2.7652884,2.1652365,2.5123587,-2.722606,1.7443889,5.182219,0.44645855,-1.644265,-0.28813666
-3.7755592,1.6566557,-0.77193373,-0.70453477,5.947786,4.5875797,-0.030464567,-3.5785482,1.5008175
-3.910452,4.226038,-0.272327,-1.6249712,4.682666,5.182825,-0.41473898,-3.65693,1.840318
-2.0162168,1.6017529,-0.5303988,-0.96817195,6.417351,4.1799107,-1.1023467,-1.8927478,2.5207872
-0.039307706,4.0698647,-1.1045055,2.8669221,4.215849,3.5401354,1.0854615,-5.026044,-0.4995051
-2.1107934,4.8681087,-1.6082691,0.40672973,3.9051635,3.7914677,0.23235056,-0.19631687,1.8851306
1.4333092,2.097685,-1.3142804,2.2506638,4.163586,4.904888,0.8742244,-5.921299,-0.79798675
-1.3275295,1.7273946,-1.8976108,0.2717685,5.0272036,5.3861895,0.40789935,-0.59321797,0.9071308
-2.8926191,4.08668,-1.4285256,-1.16164,4.619242,6.3103848,0.41233197,0.073157996,2.3777444
0.3052653,5.2491717,-0.64786965,2.8313873,3.7057257,3.288576,0.47634664,-5.827183,-1.1274972
0.46265543,4.4558077,-0.63942987,2.7660453,4.417157,4.5311365,0.42088136,-5.399458,-2.2247775
1.3010412,3.030403,-0.99731046,3.6832492,5.142828,3.1809082,0.21856412,-4.9475694,-2.1281364
-1.4337772,4.271053,-1.188731,2.115256,4.1019726,5.575056,2.0484412,-4.7715516,-0.6754163
0.12272812,1.6451744,3.493638,1.3988796,3.1939723,1.9851135,0.434782,-2.9679635,-2.9150805
-2.7735264,2.6184318,-0.38918084,-1.1631994,6.176856,4.739566,-0.97917724,-1.9655585,2.0550942
-2.0391822,2.2636952,-1.1011535,0.26860675,6.1437273,5.3155055,-0.33450827,-0.6506354,-0.036386244
1.4007511,1.9635319,-0.21483047,3.3469353,3.017949,1.1406108,1.2581406,-6.421395,-0.7125461
-2.731864,3.331698,-1.2927314,-1.5441066,4.735454,5.1755705,0.096091054,-0.8112658,3.913093
2.1985433,2.049491,-2.292895,3.379882,3.3828833,4.3676634,1.4615993,-5.3438025,-1.2506225
-0.09086906,4.1843553,-0.06798501,1.996689,5.3620453,4.7827783,0.048858367,-4.9316883,-1.4021484
0.29566038,6.0371737,0.54176813,2.745929,2.0037975,2.58829,1.0806032,-5.735252,-1.7961795
-4.681673,1.6414939,2.248642,-1.9832011,4.3959837,4.8813868,0.36048764,-1.8037587,-0.7257331
0.6234522,2.6269343,-0.8245285,2.464381,5.048066,3.9917488,0.54244035,-5.2798786,-0.6216802
-4.064014,4.0329695,-0.61130947,-1.8676416,4.985237,4.855315,-0.17778417,-2.2210798,3.603315
1.975655,4.357561,-0.57250994,3.4586647,1.3463234,1.8097832,1.4985278,-5.397805,-1.0505438
-2.082172,4.171993,-1.020918,0.44000122,5.023776,3.192045,-0.549968,-0.7011587,1.5676657
-4.0546036,3.8454316,-1.625786,-1.7901444,3.7921188,6.1767592,1.2217394,-1.6775578,3.655978
-3.5362515,3.985579,-0.69379324,-1.6852864,5.7895603,6.0645876,-0.32387927,-0.058962196,2.7372913
-1.1186292,2.070493,-1.9579731,0.21463203,4.406934,4.4582715,0.36511686,-1.0583826,1.8775957
0.6014962,4.560505,-0.96996254,3.2577493,4.671109,3.5917504,0.5206395,-3.7747324,-1.3672681
-1.8530711,1.8666317,-0.79729134,-0.972788,6.099988,3.8747733,-0.8920401,-1.0851347,3.4353294
-0.6849754,3.6489046,-1.1278089,2.7268636,4.5252657,3.579512,1.3974978,-5.045969,-0.08611982
1.0769235,2.069081,-1.1291804,2.30249,5.237924,4.614807,0.6718909,-4.1864176,-0.2813586
-4.319387,4.562884,-0.091692284,-2.0223265,5.204878,5.8250666,-0.5372418,-2.7274032,2.0337772
-3.94309,3.7452738,-0.22144051,-1.809539,7.06096,6.9309797,-0.7645657,0.567756,1.7048582
1.0226562,3.866525,-0.7751754,2.3882022,4.0762496,2.8829868,0.25287244,-5.581891,0.42135972
-0.10998165,3.1265662,1.5957743,2.1509233,2.1238012,3.1462452,1.1299882,-7.54015,-4.028426
-5.5490537,5.306108,0.0896918,-2.2651772,5.5161915,6.5268393,-0.25981736,-2.2283454,1.7874761
-1.3683547,6.226196,0.2299432,1.5456554,4.2061844,4.6625195,0.45920265,-5.6893144,-0.8340726
-3.451067,3.969064,-0.3523119,-1.7148445,2.41845,4.766375,1.5743175,-0.96075207,3.4930503
-5.288684,4.521047,-0.28762692,-1.0422565,5.825512,3.884727,-0.17549574,-1.993553,2.7323055
-3.2549822,2.6226377,-0.47072893,-2.1789954,6.5350842,6.4682765,-0.6936077,-0.6061664,2.8940532
-0.01595294,2.7332308,1.3715936,2.6043932,3.2886517,3.4660509,1.0503441,-5.0383816,-4.419754
-3.6471152,4.130674,-0.3564518,-1.015122,6.1623034,6.399972,-0.58051735,-0.68855894,0.3601256
-3.2888098,3.0141656,-1.267082,-2.0610273,4.4859257,7.08076,0.5380749,-1.9303474,2.621193
-4.79386,5.340861,-0.53654426,-2.2702358,4.7798147,6.860735,0.19615531,-1.2158555,2.5478013
-4.234187,1.9949938,0.8918696,-2.233619,5.9457693,5.9568644,0.13543725,-0.97876734,1.7708533
1.33738,2.2616594,-0.68469876,3.346893,5.6423054,3.110966,-0.09534953,-5.4647255,-1.8717175
-2.3427873,3.1669173,-1.072622,-0.13005292,4.99247,5.346742,-0.14583912,-1.8806115,0.18786824
-2.7408853,4.6205077,-1.1942409,0.13368371,4.596781,5.3147345,0.10953202,-0.74610263,0.16513771
0.18978727,5.250491,-1.6437737,2.4253094,2.7363644,3.6191862,1.6207972,-4.3555894,1.1353824
-0.29792058,5.6895924,-0.31207407,2.850888,3.6637251,3.9112942,0.44844353,-7.07617,-2.624797
-2.2400548,2.7031035,0.47169504,-1.1618041,1.3465544,4.7006426,2.0454931,-1.6936058,1.3075349
-2.8839402,2.9119828,-1.223791,-0.8159325,4.7879925,3.900626,0.06754204,-2.031994,3.3476212
1.4704872,3.0920103,-1.8541342,3.292905,3.50751,2.1947005,1.0823218,-5.1778193,0.78184944
1.6917065,2.4022439,-0.8293447,3.184467,4.628913,2.7124822,-0.01014141,-6.7853546,-1.3575737
-3.768066,4.0036483,1.2970785,-0.9950628,3.718179,5.628542,0.15562874,-2.044179,-2.3858125
-4.70102,3.9771278,-0.91500574,-1.2039026,5.212509,5.984898,0.54037696,-1.6197362,1.7645669
-3.5285802,2.8303568,0.8031916,-1.1775692,4.986781,4.8358974,0.045717873,-1.8135031,0.51624995
-1.8198755,1.8978195,-1.5172206,-0.738021,4.7111554,5.882012,0.2567565,-1.9376413,1.493765
-1.6143868,3.1417315,0.45181698,-0.512782,1.567837,4.402507,1.705583,-0.9364728,0.47252423
0.7768768,2.329305,-0.44950444,2.2979817,5.6471596,4.551177,0.06665661,-5.5245175,-1.4672899
-2.5331757,4.000199,-1.4777615,-0.12436989,5.1007595,5.5398602,0.25849542,0.777291,1.3792833
1.5708007,4.4210367,-2.0198505,3.8322008,3.030707,3.349913,1.2796689,-4.476846,-1.242535
-5.982124,3.744565,0.020657588,-2.164086,7.0811224,7.308729,-0.09738604,-1.1325129,1.3600593
-1.089763,5.7167826,0.05519705,1.6306518,4.283554,5.7607183,0.51190674,-6.225602,-2.204804
-3.355423,2.7383065,1.9707252,-2.063783,1.9207494,5.5869293,1.118149,0.35989723,-0.80619794
-2.5321143,3.5645804,-0.40637678,-0.6181829,5.431414,3.7187274,-1.0548618,-2.3890092,1.8126034
1.7906741,2.2531922,-1.7543839,3.2058392,4.4550123,3.314186,0.8744946,-4.19797,-0.090170495
1.634853,2.0424511,-1.3539398,2.7401097,4.8010135,3.1762779,0.5317657,-4.602091,0.42026728
-3.950531,4.5850883,-0.6867122,-0.46842203,4.4693675,4.4861665,0.039611407,-3.0164366,0.96995777
0.018653994,3.5903733,-1.3395181,2.4771225,4.3119173,5.4626465,1.477518,-4.4228106,-1.2404613
-0.07383191,3.348509,-1.2449816,2.8930964,4.2163897,4.115613,1.3448173,-5.7237816,-1.1307302
0.087677844,4.9604526,-0.7835656,2.4267983,4.165953,5.56629,0.8245254,-4.676999,-2.203692
-4.5507636,4.134459,-0.88594,-0.87791955,5.3763866,5.7895966,0.41907313,-1.2429484,1.3732024
-2.2729182,4.0407586,-0.041596483,-0.48164812,3.8294256,3.4680636,0.38002616,0.7056086,2.3405945
-3.8436875,3.2345657,-0.07240029,-2.6473038,6.268233,6.9100933,-0.8411505,-1.7860802,2.4437256
-4.661808,1.1944178,2.2209299,-2.3942094,3.4802969,5.2352486,1.0722727,-0.6375124,-0.08293181
-3.9461327,4.184259,0.10221498,-1.6868962,7.3274584,5.6072764,-1.2978793,0.5992581,2.4086704
-4.2504816,4.117801,-0.35678607,-1.5186083,5.124485,3.9936218,-0.4127135,-2.9133885,3.263223
2.5953822,1.2908765,0.832938,3.15957,2.4190953,0.47462583,1.2342488,-4.8752337,-0.68099296
-4.6283946,3.1341355,-0.3261512,-1.9750315,6.026573,5.5289693,-0.27551505,-2.4655333,2.7764366
-2.576479,3.722751,-1.3767259,0.16634712,4.755269,4.626601,0.2039915,-0.8993435,1.0855498
-2.2411218,3.981481,-1.0962136,-0.7557461,3.7835486,3.78291,-0.19883952,-2.6613045,2.8275723
1.416064,1.8632501,-0.9910994,2.6942,5.1579475,3.8718262,0.34223714,-5.376753,-0.87661463
1.2572145,4.963814,-1.824068,3.4832723,3.1823802,2.690479,1.1257455,-3.6003275,0.19984716
-0.08555137,4.1247797,-1.2629895,3.1389923,3.6024806,3.9404109,1.3865435,-6.3096566,-1.6493108
-2.6039314,3.914121,-1.4079415,-0.78272355,5.364059,5.1000223,0.10363244,1.4619874,3.3636596
-4.074601,5.119352,-1.0181262,-1.4413499,4.728976,5.5246744,0.29154706,-0.1805354,3.188729
-0.05112659,5.7200427,-0.35791844,1.7231447,3.4843142,3.7003884,0.43694043,-5.576924,0.46927553
-3.0754712,3.8405788,-1.1249417,-0.011487097,4.6428156,4.1753273,0.11480782,-2.0280514,1.2476751
-3.776482,5.8579493,-0.2557022,-1.347462,4.9297056,4.8191977,-0.7124673,-1.0561273,2.348634
-3.487551,3.444619,-1.4258505,-0.9503249,4.327718,5.383041,0.70015323,-1.9533862,2.3715212
-1.5093579,2.4128864,-1.8081367,0.148938,4.9684944,4.7950854,0.2642402,-0.085941285,1.7798302
-1.681305,2.550634,-1.8629687,-0.3155917,3.920944,5.6729374,0.62128836,-1.8551363,1.2730911
0.73280823,4.0564113,-1.5331465,2.4522994,4.3087955,3.869836,1.1341214,-2.3043454,1.2117927
-1.8351619,1.1446925,0.02417897,-1.1294111,4.856477,4.982845,0.30554768,-0.607104,1.6978778
-5.8348374,3.1131244,-0.08104642,-2.492112,7.1114807,7.1968794,-0.074757524,-1.3394414,2.2442064
-3.2801704,1.925635,-1.3668656,-0.5074053,5.079824,4.9583426,0.5508377,-2.7555122,1.6819729
-1.6132469,4.4788604,-0.3202219,2.681988,4.8397517,4.3971844,1.0535294,-6.5451455,-2.3160892
-3.763439,4.711779,0.03108542,-1.6163657,6.399666,4.8105326,-1.2482476,-0.34565648,2.81209
-4.2646985,4.8823857,-0.71996206,-1.6877584,4.1897874,6.7279534,0.37840387,-2.4762175,1.3383996
0.7714509,2.4348702,-0.48586112,2.3444223,5.323787,4.2686057,0.15152434,-5.9286423,-1.3224089
-4.307816,4.2272778,-0.99536616,-1.7588483,5.3120866,7.1933675,0.47594014,-0.21774337,2.1142814
1.3103727,4.1583447,-1.5295069,3.1468413,3.6986768,2.7185662,0.81407225,-4.1548476,0.35861105
1.5153712,3.4224367,-0.72893614,2.5485585,2.403779,3.3884819,1.8327605,-3.406172,0.056989618
-2.4191613,-0.06176097,2.1404028,-1.9961387,4.5080633,4.835321,-0.26643234,-1.5217642,-0.4960299
1.5222391,0.6980904,2.3659606,0.90908647,0.7010505,3.3222568,1.8180773,-3.015574,-2.0014827
-4.2739425,3.0615218,-0.76669925,-1.4131165,5.446375,4.1188555,0.11099502,-2.1854076,3.8535795
-6.102386,6.0819993,0.3042658,-2.7057962,5.7313905,6.760689,-0.35816252,-1.4251298,2.4131396
-1.6845435,3.2128305,-1.383464,0.24585995,5.2929516,3.520418,-0.29282445,0.23316368,2.4706068
-0.34256494,5.7249503,-1.8677992,3.7108886,2.5808375,4.003748,2.0637326,-5.269291,-1.8805411
0.5779438,3.4934874,-0.24219067,2.0602481,5.358493,2.880728,-0.19535968,-4.698229,0.7508668
-2.615695,2.9258082,-0.32502407,-0.48690668,6.6580586,4.2745514,-1.2000628,-1.0065749,1.382338
-5.117334,4.8565497,-1.3995467,-1.1075491,4.6014395,6.9873767,1.3425047,-0.43782195,1.5415297
1.5075433,4.4624257,-1.3209966,2.995158,2.8875034,2.290759,0.5964063,-6.121542,0.23804706
1.0687608,3.27768,0.0658444,3.0736272,2.983514,1.5557513,1.0667874,-5.64527,-0.7108473
-3.0234847,1.0067586,2.2473054,-2.4997146,3.9905179,5.8293123,0.15076387,0.5712095,-0.3993333
-3.864332,2.9642587,-0.8401498,-1.2940254,6.1987696,6.9109845,0.101884715,-0.5640524,1.203327
-5.0252624,4.3072486,-1.4067175,-1.0645536,5.1550546,7.2042446,1.2820607,0.06349936,1.4403827
-2.8761024,4.985079,-1.3367492,-0.36912993,2.7138577,3.7278304,0.55395883,-3.0065556,2.357545
-4.677028,2.132177,-1.3959781,-2.1115081,5.4107356,7.2207365,1.1531062,-1.5713526,3.1012828
-0.063363664,5.6018357,-1.5393863,2.7801406,3.1078901,4.6406956,1.6441399,-3.9689693,-0.7196276
-3.2775602,5.1781173,-1.2273072,-0.96097803,4.992303,5.658303,0.17938295,1.4136406,2.812747
-2.575316,3.7141416,-0.15963908,0.29665816,3.9123418,3.563864,0.74616814,0.2185165,0.73058015
-2.929853,3.6186912,-0.53700274,-1.4746968,5.7386684,4.7194586,-0.8099237,-0.9297473,3.1912072
-3.403022,4.6904693,-0.06418772,-0.89157,6.3431816,4.105964,-1.2904553,-0.40537903,2.1748028
0.44822395,3.9692714,-0.5550055,2.8355625,5.420293,3.4692252,0.15595591,-3.7591476,-0.8217554
0.830971,3.6216805,-0.5969798,3.5441315,5.007456,2.6119273,0.016735576,-5.770932,-1.9411833
-0.17558408,4.7921863,-1.0458461,2.2754905,4.441332,4.206154,1.0767834,-2.9702568,0.5122432
-4.31249,3.6920326,-0.07840927,-2.771848,5.9673014,6.451917,-0.68075657,-1.9902865,3.138484
-0.24628675,3.5741205,-1.646045,2.204995,4.10305,4.74742,1.8562648,-3.5673423,0.796082
-2.1001906,4.3215404,-1.3350497,0.22874823,4.4179544,3.7215412,-0.11565644,-0.66084903,1.8378867
-2.129171,4.5874333,-1.5846564,0.30603775,4.2964773,3.9239879,0.17342535,0.26411828,2.093049
-2.3129127,2.452659,-1.1131506,-0.71667147,5.0835123,5.9668536,-0.07331971,-2.1706603,0.7226997
-0.3613652,2.656842,-0.77414685,3.0030177,4.7615376,2.304061,0.8496454,-7.128404,-0.39267802
-0.9103806,1.4249824,0.8328581,-0.37740698,2.9154992,2.4382322,0.95087564,0.43688813,1.9928133
-5.05654,4.6211324,-0.63370353,-1.7360897,5.69537,6.9458137,0.30972394,-0.536329,1.7891282
-1.2906395,3.0813582,0.9543049,-0.27675274,1.6022815,2.4429865,1.1720521,-0.80810195,1.2035832
-4.395166,5.21359,-0.10938318,-2.0540123,6.064454,6.6119766,-0.6746581,-0.05994329,2.1028314
0.48143375,4.013614,-1.3948032,2.059761,3.0272253,5.413963,1.4979496,-5.9014025,-0.7794662
-2.684,4.0457726,-1.14121,-0.9938327,5.1620045,4.8635545,-0.18042952,0.30864874,3.2537174
-3.0352488,4.246056,-0.4656648,-0.89803016,5.898205,4.3215017,-0.8976611,-0.3616329,2.5096831
0.059629805,3.5850556,-1.3090924,2.4533293,2.997744,3.8249662,1.5304959,-7.302334,-0.34376007
-3.1739573,3.131188,-1.030408,-1.0228288,6.3484626,7.2388363,0.0151473805,0.8997719,0.9675321
-1.7956997,3.167843,-1.8105656,-0.5446098,3.3361342,5.4835134,0.6611188,-2.3030157,1.7112513
-3.2990742,0.6683932,2.4827085,-2.493726,5.323554,5.654895,-0.44160768,-0.06423578,-0.4172731
-2.8284695,4.7432103,-0.8597397,-0.31066826,4.796036,4.455472,-0.36030304,-0.9985512,1.4356704
-5.1173654,4.552229,-0.9244779,-1.9760786,5.3491354,7.8489895,0.76002896,-0.31441686,1.7963641
-2.5078437,5.3394437,-1.4675987,0.2786958,4.119745,4.189871,0.21623716,0.28461388,1.7066194
0.4547907,2.5078528,2.4349842,2.0540109,2.8279998,2.7356575,0.7059907,-3.6709695,-3.8260114
-0.3721596,4.385945,-0.091155246,1.0570915,3.9943361,3.489831,0.37878647,-6.4654818,1.573951
-2.1107934,4.8681087,-1.6082691,0.40672973,3.9051635,3.7914677,0.23235056,-0.19631687,1.8851306
-2.2736714,1.8485787,-0.80425423,-1.1000867,5.863799,5.5053387,-0.55828846,-2.0332153,1.6747434
-3.543635,5.251309,-0.3555556,-1.1661068,5.24616,4.7327776,-0.74159425,-0.9327404,2.2444258
-3.4482508,4.025534,-1.0897996,-0.478972,5.685826,6.083185,0.17497447,0.41261527,0.97365266
0.11800302,3.0721586,-1.3877568,1.4121008,3.2258544,5.9905195,1.7795916,-6.2294054,-0.04675954
-0.40482438,5.287705,0.099415705,0.96363425,3.7225964,4.86648,0.31278673,-6.5811214,-0.029434852
-2.2735848,2.119799,1.258669,-1.4900318,2.2647371,5.5369163,0.642165,-1.5999722,-1.4363129
-1.9518293,3.0344985,-1.3787388,-0.6545764,4.985214,4.2823987,-0.16133901,-0.39100155,3.2597098
-2.9856772,3.9869514,-0.90485424,-0.82786536,4.9410133,5.3184104,-0.1773698,-1.3814203,1.5735679
-3.1412847,2.9012837,-0.23958535,-2.3275003,6.082177,5.339972,-1.0407213,-1.8038683,3.6331196
-1.6738113,1.857781,-1.2226793,-0.24620429,5.526141,4.6828327,-0.3221688,-1.4482781,1.5362309
-3.3811452,3.9105346,-0.3425216,-0.82851684,5.3424053,4.574879,-0.7038518,-2.7458758,1.1915224
-5.2646375,4.532183,-0.31323165,-2.5336668,5.703251,6.78429,-0.0105411485,-1.3551012,2.8855634
1.4088676,2.4942415,-1.2266237,2.2330258,4.461428,3.2924204,0.5588883,-4.740594,1.1580803
-1.3458941,-0.18811229,2.2305195,-1.4508373,1.5443047,3.1309555,0.85646373,0.47717783,-0.18529344
-3.7156515,5.446297,0.0005516298,-1.029215,5.755062,4.2509036,-1.1655958,-0.9502577,1.9992534
0.98754084,2.4176173,1.2816253,1.3483509,1.3516394,4.710136,1.6259371,-5.192957,-3.1730056
1.228404,0.7590424,1.9643133,0.8953042,2.3969705,3.8945177,1.5599439,-3.8119476,-1.4768298
-4.40508,4.658195,-0.6768852,-0.73993087,4.8826847,3.873015,0.018693827,-2.230264,2.4501166
0.007968789,2.5236125,1.2258217,0.6020429,1.2622683,5.883085,2.314431,-4.6810226,-2.4364934
-2.5229766,3.6274927,-1.0181308,-1.0988717,3.9104373,5.660754,0.026871197,-3.1304164,1.3470292
-3.8143983,5.441886,-0.82867676,-1.5379263,5.0859566,6.218611,-0.037549533,0.6131709,2.5991912
-0.78824914,4.4828677,-0.098236755,1.5403985,4.358248,4.026323,0.561494,-6.3214107,0.12943852
-4.1588273,2.3361309,-0.6235221,-2.2327998,6.1403666,6.9202347,-0.020210005,-1.902542,2.4223197
1.951233,1.7595999,0.005578328,2.732165,1.1155161,2.6689,2.638694,-4.721016,-0.9365793
0.5500196,1.371858,2.658205,1.4174285,2.4909153,2.5621326,0.757257,-5.4729376,-2.946138
0.57524383,1.771209,2.8968964,1.3977233,2.0395207,2.830887,1.3033829,-1.459566,-2.777024
-4.780759,5.416428,-1.376232,-0.726732,4.332032,5.8399906,1.141373,-0.19411835,1.980378
-4.8483834,1.8412077,1.8964101,-2.7715657,4.0049253,6.636591,0.9275257,-0.5960322,-0.17480725
-3.541637,5.5512834,-1.2341248,-1.145007,4.4946103,5.767863,0.33944336,0.7825982,2.8533916
-2.7756546,4.051393,-1.0894672,-0.7058505,5.602537,5.0503626,-0.2220169,0.8682111,2.6087365
0.26175773,4.1008987,-0.48084503,2.1914928,4.845287,4.5635405,0.37937668,-4.6909013,-0.980223
-3.545556,4.3769975,-0.6694171,-1.8231546,5.3322935,6.179249,-0.29567817,-0.5261214,2.6684904
-4.6702356,3.7268803,-1.43987,0.14981756,5.002639,5.38143,1.1861483,-1.4573345,0.46698332
0.059629805,3.5850556,-1.3090924,2.4533293,2.997744,3.8249662,1.5304959,-7.302334,-0.34376007
-2.3263197,2.8694513,-1.5540576,-0.36006638,4.063919,5.310709,0.48788142,-2.5449667,1.1400895
1.0882004,3.286253,-1.1457326,3.0759876,3.6428854,2.1241162,0.60015315,-6.9059134,-0.081130795
-3.3642426,3.0159633,-1.6097587,-1.7198105,4.748501,6.3159294,0.7989295,-0.46320137,3.707468
-2.360045,1.8472936,2.9384239,-2.3495483,2.142059,2.938348,0.5996863,-1.3660216,1.8842964
-3.4860632,3.4261339,-0.9739869,-1.305271,4.751754,6.38297,0.2525742,-2.3710017,1.275044
-1.6676072,5.3399396,-1.4502772,2.6215613,3.849804,4.7720804,2.2531388,-3.5496082,-0.21836978
-4.1398253,4.427135,-0.3329987,-1.5617534,4.7466106,4.025523,-0.42761824,-3.2593136,3.1455264
2.4044938,2.230499,-2.2260947,3.8570042,3.7769244,1.7894334,1.0274056,-3.9804037,0.6350898
-0.5059227,4.154169,-1.1134478,2.5739655,3.5640876,4.613684,1.5463592,-6.40462,-1.3489807
-2.82912,4.0627522,-1.3757652,-1.2694722,4.9954624,5.631328,0.21829695,0.93059736,3.5454319
-2.3565464,1.3481803,1.257095,-1.6637262,4.771192,5.257356,0.70556736,1.3471237,1.6601589
-2.547538,2.1179974,-0.7599868,-1.4925332,5.8370514,5.291481,-0.5846989,-1.8172189,2.700395
-2.436532,3.8317127,-1.2108517,-0.5811255,5.2186255,4.5922403,-0.1985338,0.26994994,2.7737138
-1.8658109,2.6801364,-1.1428641,-0.4315864,5.27862,4.062934,-0.4571205,-1.1601331,2.4839687
-2.0877743,2.6445544,-1.314805,-1.3363961,5.0826874,4.7703476,-0.11134759,-0.42840675,4.0983562
-2.2478125,1.5957085,-1.6438726,-1.5523658,5.302312,7.3838396,0.5474081,-0.42944482,2.299398
1.1057793,3.7595482,-0.6930273,3.1882079,2.5640142,3.8076952,2.0293713,-3.538509,-1.720792
-2.4507792,2.6404488,-1.0567033,-1.3309789,4.4123244,6.3141727,0.08743807,-3.0199256,1.2769256
-5.025415,2.3931794,-0.45094413,-1.7204999,6.2395363,6.201656,0.13772964,-3.0365057,1.6352425
-3.9165359,2.6222146,-0.53468055,-0.40870228,6.251658,4.8751636,-0.27642113,-2.5923128,0.5357511
-2.6568656,1.490685,-0.68632096,-1.7931734,6.5300274,6.5087757,-0.5913336,-1.3343211,2.1423922
0.7704489,3.3809674,-0.40396255,3.2396762,5.9080477,2.50687,-0.26898348,-4.2127776,-0.99066263
-0.14627635,3.21364,-0.81911427,3.3007696,4.2804036,1.1769634,0.7379153,-7.2553225,0.13782138
1.6664234,3.3406441,-1.7620248,4.1680465,4.1795387,3.3881767,0.91737,-4.448075,-2.272192
-4.5507636,4.134459,-0.88594,-0.87791955,5.3763866,5.7895966,0.41907313,-1.2429484,1.3732024
-3.9871902,2.943631,-0.46918648,-1.5418078,6.648441,6.8866386,-0.31991464,-0.78684014,1.1649501
-3.306765,2.788663,-1.8814244,-0.14424029,4.280157,5.9210043,1.27817,-1.8332337,0.8703501
-1.1880614,2.9456675,-0.65008825,3.0891118,5.187277,3.6232393,1.160554,-6.9041452,-1.9594431
1.9492847,4.3523607,-2.1038933,3.2805667,2.079894,2.439071,1.2771087,-5.496329,0.6373877
-2.1459796,3.2992415,-1.1377994,-0.7881652,4.032967,4.830908,-0.09533731,-2.9458427,1.7793713
-2.8218784,1.3339361,0.14090632,-0.55385625,4.617634,3.8926742,0.59639484,-2.1867628,1.1168803
0.053222544,5.0038533,-0.79602784,1.7044697,3.2410538,4.799806,1.000136,-5.6851377,-0.091423444
-3.0880852,3.5191205,-0.7941105,-0.82352066,5.942278,6.228448,-0.29322734,-0.30044666,0.86732036
-3.5264845,3.0807297,-0.34969038,-1.7594119,7.032427,6.600725,-0.77455974,0.26881912,2.0351412
-2.2042353,1.8736532,-1.0585169,-0.4020119,6.3003883,5.883286,-0.3192533,-0.5986939,0.6792603
-2.1671042,3.5626705,-0.6557632,0.11060557,5.9170046,3.2184618,-0.9719982,-0.5284417,1.8526865
-4.234187,1.9949938,0.8918696,-2.233619,5.9457693,5.9568644,0.13543725,-0.97876734,1.7708533
-5.6702256,3.290507,3.3997998,-3.007977,3.0131402,5.021266,0.913631,1.1950803,0.19733328
0.82930195,1.477898,2.27017,1.7700695,0.07613324,2.0587525,2.1638956,-3.8164797,-2.587305
0.40134084,3.1568747,-2.2429333,3.382292,3.0355494,3.2676861,2.1297028,-5.700238,0.00783629
-3.5633893,4.6294346,-1.269743,-0.31744435,4.2737675,5.135329,0.529963,-1.387978,1.2500131
-3.2393239,2.2483685,-0.9521255,-0.6344451,5.5956616,4.31348,-0.076865725,-2.455648,2.129753
-2.3736086,1.9652914,-0.770951,-1.3108447,5.8899994,5.509856,-0.59911656,-1.8831208,2.0895152
-2.9905584,4.44627,-0.27487546,-0.93631494,4.5829177,4.569858,-0.79537904,-3.4085336,1.0601215
-4.3172297,4.813169,0.0043249615,-1.724889,5.622744,6.174244,-0.6849924,-2.0495656,1.1211724
-4.410998,3.1533058,-0.7921379,-0.7319968,5.5007563,5.4574614,0.31194472,-2.6545904,0.89065343
-3.553255,2.6630485,-0.36944944,-1.7792903,7.1732383,7.25995,-0.6625991,0.048072726,1.3659543
1.2756684,2.9177296,-1.7965156,2.6999276,4.366138,3.9925168,1.2023845,-2.9554527,0.6979283
0.9551414,2.3480923,0.7231523,2.4802313,2.4689004,4.464154,1.651673,-3.0904293,-4.0516205
-5.001167,4.9241114,-1.0049685,-1.7299144,4.5479913,7.2220926,0.8965799,-1.2607533,1.736517
-2.929853,3.6186912,-0.53700274,-1.4746968,5.7386684,4.7194586,-0.8099237,-0.9297473,3.1912072
1.1069175,4.4569917,-1.2743187,4.1976976,4.7229295,1.5626272,0.3239321,-3.4663737,-0.79174536
-3.9207447,2.4096906,-0.96604276,-0.3076119,5.6619945,4.644842,0.26996717,-2.682182,1.1311138
0.94775045,4.20205,-1.6186019,1.9219818,3.2199514,3.9930325,1.2832578,-3.774662,1.8386049
-5.2696805,4.1187725,-0.29986912,-1.1376458,5.892969,4.8364797,-0.065755375,-2.353725,1.8243062
-3.9002728,3.3735316,-1.6681173,-1.4819862,3.8078394,7.1347866,1.3821112,-2.2504478,1.9133265
-1.7687414,1.8759861,-1.6242098,-0.10831793,4.8054914,5.115878,0.28913444,-1.8320346,1.2090925
0.8808602,4.0179653,-1.0391103,3.620175,4.0329766,2.1726625,0.4747272,-6.056982,-1.1564405
1.0655073,4.258221,-1.3606272,3.5714242,3.298455,4.037199,0.959876,-6.495977,-2.788704
-4.789938,2.9041424,-0.6247023,-1.7967798,6.058243,6.5765767,0.22707161,-1.9452168,1.9257777
-2.5781221,2.5686781,-0.6870288,-1.761843,5.6767836,5.07764,-0.703956,-1.6320125,3.3992896
-3.6013424,2.632643,-1.0772914,-1.7967135,5.0655046,6.0292006,0.31586978,-2.208171,2.9109137
-1.6212205,1.4477136,-1.5379853,-0.17537263,5.537835,5.712613,0.10982659,-0.9677506,0.91744334
-3.974267,3.1966698,2.4014251,-2.176363,2.4614894,4.8849034,0.41772446,-2.1098738,-0.9345245
1.3302054,3.510065,-1.9141734,3.2701573,3.7420373,4.7421055,1.3941015,-4.082522,-1.4891201
-1.8837667,5.9021306,-0.192656,1.8220745,4.520675,3.8041675,0.9684285,-4.5549784,0.52561134
0.33633006,4.021232,-0.28261882,2.2603123,4.8945975,2.6923525,-0.029102035,-5.283517,0.43425852
-3.5477898,4.0624466,-1.4046482,-0.74412155,5.0354443,7.1982527,0.7216621,0.13435951,0.65967077
-3.395009,4.652603,-0.17317434,-0.7250829,5.0932436,5.302404,-0.7604846,-2.825275,-0.074831836
-2.1121342,2.9014914,-1.6240563,0.04320404,5.3730907,5.7999806,0.31265464,0.4909384,0.9085961
-3.6956072,6.058867,-0.8812204,-1.512327,3.6836019,5.770269,0.21515912,-1.090958,2.5346243
-2.3506508,1.9233209,-1.0702933,-1.3183986,5.652657,6.1598825,-0.204858,-1.4512563,1.9652182
1.2200308,4.117864,-1.7943989,3.1049705,3.6952996,3.3598568,1.1715318,-3.3161159,0.37003243
-2.5148091,1.8117262,-1.1654298,-0.99429476,5.6198463,5.6840305,-0.04021857,-1.6472548,1.9107342
-2.604961,3.0080814,-1.1689862,-1.0237589,4.406353,4.8719883,0.036292337,-2.6515992,2.4054024
-3.6531541,1.953895,-0.43871444,-1.503053,6.422924,6.0653543,-0.44417223,-2.5612938,1.357676
-2.2347333,2.015001,-1.8503277,-0.87937045,4.391902,6.3079696,0.807571,-1.6187108,1.9092448
-5.1545115,5.0371184,-0.2981314,-1.614428,5.915631,6.0631156,-0.14331931,-0.74809426,1.9283602
-2.4748926,2.661604,-1.0711079,-1.016917,5.473439,4.7140746,-0.29926732,-1.033806,2.9913409
1.359977,4.0082617,-1.9064908,3.5576746,3.7281368,3.579589,1.2169498,-3.5674553,-0.7492175
-5.5085807,4.2901177,-0.7682212,-1.2817355,6.0722733,6.2351065,0.54189354,-0.31056365,1.9661316
-0.050720446,4.323753,-1.3567032,3.811316,4.0780506,1.6358805,1.1112614,-5.1290517,-0.14949006
-2.18082,2.629165,-1.2841007,-1.5079145,5.136961,4.9488735,-0.099337764,-0.37851152,4.2538576
1.5615841,3.3400893,-1.3099753,2.7703857,3.8699725,2.3656304,0.4927363,-5.1278906,0.94916505
0.88052726,3.5674613,-0.7849321,3.620458,5.60845,2.8234081,0.075107865,-3.777392,-1.533491
1.1288189,3.8616812,0.562813,2.8527286,3.6438138,1.0063708,0.35195145,-4.7576656,-0.091979556
-0.51066554,4.2379847,-0.5417251,3.6963148,5.1228104,3.000203,0.53944796,-5.9114466,-2.6311066
-0.14627635,3.21364,-0.81911427,3.3007696,4.2804036,1.1769634,0.7379153,-7.2553225,0.13782138
-0.5524863,5.1778245,-1.1215466,2.9664392,3.3640873,2.5821683,1.296442,-5.763508,0.14969867
-1.591977,5.546385,-0.6274584,2.1414611,4.4861245,3.7638104,1.2522619,-3.8618207,0.653482
-3.5589027,3.5155637,-0.67939717,-1.4954715,6.1169844,7.312332,-0.19826016,-0.2166563,0.99794984
-0.51062286,2.6286387,0.5446802,2.0173376,3.5027635,2.6661196,1.4919379,-6.706473,-0.37404758
-4.137362,3.3636339,-1.0037619,-0.18865815,5.7970576,5.776512,0.4209615,-1.1663116,0.2009005
-0.90667343,4.7539506,-0.3057155,2.151276,5.3143272,3.752641,0.5644499,-3.7186317,0.1788767
-0.38044405,3.8840957,-1.0854052,2.4990957,4.3752203,2.7832158,1.1343832,-4.704252,1.2071908
-2.1136246,2.1531453,-1.3138331,-1.0054355,5.7999625,5.4951887,-0.11283336,0.109648615,2.8751695
1.6455942,3.4070222,-1.0910584,3.2929533,3.9832633,2.1104698,0.20570853,-6.0723133,-0.4461919
-2.657518,2.8347769,-0.6944739,-0.72779477,5.6724105,5.6184855,-0.5163408,-1.9640839,0.62673146
-0.008675808,4.0543714,-1.5931573,2.2488449,3.7252936,5.3518534,1.7870257,-3.909884,-0.17514586
-3.7319787,4.7995367,-0.659733,-2.0406358,4.2324452,6.7171597,0.056708716,-2.133841,2.0411367
-1.1643013,2.2860315,0.48639798,-0.06556025,2.0508955,3.419957,1.5459734,-0.04340881,0.6926982
-3.779025,4.498339,-1.1619253,-1.2540039,3.8623235,6.596286,0.72146016,-2.2409883,1.2524543
-3.0776176,2.3414083,-1.6100667,-1.2740338,5.345421,7.2858796,0.77402914,-0.22120276,1.8840518
1.6917065,2.4022439,-0.8293447,3.184467,4.628913,2.7124822,-0.01014141,-6.7853546,-1.3575737
1.1040715,4.9551525,-0.9047498,3.6387413,3.6607902,2.459178,0.2560508,-5.985495,-1.7605832
-3.0069768,0.68503547,1.8161987,-2.1013238,4.078871,5.515106,0.17782956,-1.4641993,-0.6416977
-3.126129,4.157104,-1.3817463,-1.8378654,4.394989,6.7367864,0.47506812,-0.2062709,3.152294
-3.8154998,3.1024506,1.9880602,-1.3704289,3.7366683,4.7299585,-0.044584207,-2.2283385,-1.7600099
0.70852625,1.5909704,2.8934767,0.47416678,1.219481,3.4443467,1.3498487,-4.139414,-2.0021524
-3.328607,3.7310107,-0.6000898,-1.5377834,4.990602,5.5076733,-0.36288854,-2.4079745,2.1121943
-2.7718153,2.5166476,0.6139037,-1.262556,5.381668,5.1193757,-0.11727644,-0.10723731,1.1803
-2.6241693,4.6587706,-1.3493123,0.08781394,4.042952,3.7038934,0.14722273,-1.190394,2.0140798
-4.1625915,6.153933,-0.41134113,-1.9314169,4.8810883,5.8422813,-0.36626518,-0.11022052,2.9962196
-3.5785422,2.1704876,-0.08173926,-2.0470169,7.6837196,7.124867,-1.0283971,-0.33897874,1.5708189
1.2281076,3.4639874,-2.3349543,3.881126,2.683753,1.7543311,1.7256038,-5.588485,0.534707
-2.3782344,4.840149,-1.5556701,-0.4706088,3.552727,4.5859694,0.36700866,-0.79082537,2.5908403
0.0692798,6.448191,-1.3394362,3.2868924,2.48836,3.7882073,1.326292,-5.4657135,-1.6511976
-2.2493262,5.2490525,-1.5824342,0.3457527,3.6038618,3.8660448,0.28818247,-0.48750612,1.7831191
-3.8919573,3.7605455,-0.46314305,-2.22557,5.5735183,6.0031767,-0.40321848,-1.5172211,3.1425996
-0.78314745,2.4507935,3.005222,1.0127398,1.8624481,2.5583165,1.2441926,-6.0300274,-2.6023984
-3.771442,5.0134997,-0.8750983,-1.3980709,3.7610667,4.743207,0.20675737,-2.5442677,2.9741879
-0.073845975,2.7061312,-0.82533914,2.0754888,4.444358,4.55974,1.0513707,-6.519418,-0.6674013
-3.7735467,5.1816626,-0.029766034,-1.0782942,5.395817,5.2331676,-0.9002956,-1.9580903,0.79949296
-1.7891752,3.1140306,0.94108355,-0.24126905,2.4705763,1.9682622,1.0662949,0.47036344,2.0951743
-5.174669,4.783766,-0.4530545,-2.0648162,5.1909075,5.2524586,0.07028698,-1.7898337,3.5934737
-2.3131943,2.0664146,-0.51770335,-1.200208,5.7339563,4.8071046,-0.88431656,-2.9008691,1.9349442
0.6176914,5.8389573,-0.7973576,3.547863,3.3586226,1.7707531,0.3049531,-5.85456,-0.91117376
-1.3657545,4.777714,-0.41798156,1.9503764,4.2755613,5.19068,1.2172244,-5.943396,-1.348753
-2.3704376,-0.39174926,2.392901,-2.6324284,3.8263197,5.3897567,0.25133267,0.3373681,0.19299942
-4.81659,4.296826,-1.0630256,0.25179872,5.376871,4.28716,0.6478933,-1.263967,0.945927
-2.6930254,2.4561212,0.8834258,-1.9321886,5.7393064,3.7273123,-0.72244287,0.04895225,3.7251067
-3.7089968,4.4167566,-0.17415841,-1.6501489,3.294289,5.634831,1.3216337,0.443401,2.6322412
-3.5932846,5.098191,-0.60122424,-1.422695,5.3846684,5.380189,-0.45389518,0.10765186,2.779779
-2.3592346,3.6646788,-1.2419908,0.13599673,5.462579,4.9066687,-0.12127621,0.26630363,1.0413966
1.2008106,2.156288,-0.8463647,2.1878498,5.1445637,3.6157887,0.26639512,-4.977862,0.39221233
-5.558782,4.133638,-0.7579063,-1.6504551,5.7663417,7.0718956,0.6929911,-1.0172416,1.5893593
1.8447912,2.3126488,-1.7687875,3.2361314,4.3827314,3.0325189,0.8412545,-4.2055473,0.14599234
-1.1125168,2.336572,-1.9679202,0.40359917,4.1990786,4.2989264,0.38384506,-1.2481025,1.5866555
-3.085743,1.418777,-0.2842489,-2.2465365,7.103938,6.924672,-0.90885866,-1.5367815,2.0561097
-0.6646434,0.57837915,2.9364953,0.8303683,2.8403847,2.6808648,1.285401,-5.437328,-2.0162134
-2.6228158,2.058325,0.32056212,-0.3974106,4.7706814,4.295416,0.28929567,-1.4968837,0.26251477
-5.2729707,5.0241427,0.13378815,-2.3266387,5.925197,7.0806956,-0.4485416,-1.7662219,1.3891642
-2.0276556,3.3094914,-1.621239,0.74361837,5.4384985,5.2690244,0.24630976,0.7816968,0.11691172
-3.8220298,3.3087683,-0.79536456,-1.4446702,6.020371,6.7104664,0.006136857,-0.5008165,1.6460347
-2.2230828,1.6787461,1.956638,-1.5196828,2.084798,4.658236,0.72349685,0.9502434,-1.0677304
-3.4860632,3.4261339,-0.9739869,-1.305271,4.751754,6.38297,0.2525742,-2.3710017,1.275044
-3.950935,2.5471609,1.4392273,-1.4187701,2.4054675,5.3903832,1.454228,-0.10791221,-1.182584
-2.3403416,3.2773917,-1.0404357,-1.0971351,4.8109674,4.6307507,-0.33391705,-1.6014663,2.9375813
-2.3503864,4.1811233,-0.62276715,0.22427794,5.614344,3.103185,-0.94373226,-0.6962096,1.6045641
-4.23544,2.940824,-1.5685729,-1.9499804,4.799362,7.836224,1.2588809,-1.0453581,2.4126983
1.9796923,2.671234,-1.2636267,3.5748901,4.117047,2.2466357,0.25032607,-6.403154,-1.0604538
-1.6469539,1.725175,-1.2457417,0.20114228,5.607821,5.045126,-0.21627969,-1.6267723,0.24075788
-4.7102613,5.1825986,-0.5679434,-0.09824422,5.6096926,3.5754797,-0.12619683,-0.92150134,1.7633346
-4.7272897,4.7308517,-1.0504749,-1.034186,4.924213,7.12311,0.8084674,-0.89936084,0.5812395
-1.6214514,1.2149526,-0.944068,0.076525375,6.2573423,4.7954016,-0.5885849,-1.7835234,0.40259022
-5.1167736,2.8218355,-1.297377,-1.7192715,5.533433,7.3052225,1.2122985,-1.198793,2.2098808
-2.395119,3.4043078,0.15273724,-0.49360153,3.2406378,4.51584,0.59728074,-1.9718217,0.18427491
1.7804729,3.3929343,-1.496543,3.8347986,3.904634,2.5177164,0.55899674,-5.4842277,-1.3255795
-2.7903209,3.3325813,-0.34731895,-1.0607198,5.669165,4.5428505,-0.98968995,-2.2989736,1.8288362
-3.9713664,5.437984,-0.06266995,-0.8559934,5.091763,4.9709167,-0.73628855,-2.3630424,0.55596
-2.704797,3.540034,-1.4029667,-0.8445791,5.5811357,5.99137,0.20048854,1.3385472,2.5106268
-2.3503864,4.1811233,-0.62276715,0.22427794,5.614344,3.103185,-0.94373226,-0.6962096,1.6045641
-0.4184823,5.6310678,-1.2808355,2.4987185,2.8816113,3.4445002,1.513055,-5.1307955,0.5514066
-3.3026817,4.080998,-1.4537491,-0.33609307,5.0196834,6.5705533,0.6501927,0.22875455,0.5751017
1.0718694,2.7310073,-0.5449608,2.898407,5.340093,3.3378296,-0.04740504,-5.5815573,-1.3732725
-4.76619,4.292485,-0.5195574,-1.9993814,5.2621803,5.0858436,-0.0087604,-1.845549,3.7065346
-2.955604,3.2181547,-0.28212917,-0.92937887,6.1891665,5.0273438,-1.0055765,-1.7361609,1.1823848
-2.0639977,1.3292983,-1.1308559,-0.870412,6.101383,6.101411,-0.23421904,-1.1395692,1.3515058
-4.8723407,4.0112643,-0.6571305,-0.405744,5.741659,5.2073107,0.26608267,-1.8714342,0.5666442
-5.378916,3.810609,-0.066133454,-1.8075144,6.6989822,6.6556206,-0.24542308,-1.4654342,1.2650665
-2.9697154,3.0858884,-0.23156114,-1.7019602,6.4377494,4.59315,-1.2132173,-1.0524708,3.3764582
-1.9576665,2.4586556,-1.4149963,-0.788097,5.1452594,5.1010656,-0.037763484,-0.6954438,2.65636
-1.7013866,0.79235244,-0.9118641,-0.54668045,6.350423,5.2089477,-0.5640377,-1.7965378,1.2081956
-3.1376238,1.151294,3.0015626,-1.7439605,4.857945,3.9874005,-0.5815762,0.81301063,-0.9051264
-2.9971774,3.6688569,-1.4681765,-1.1911529,5.022512,6.072352,0.42879745,0.47471514,2.9291975
-2.3349524,2.4037611,-0.53973883,-0.78772604,5.9061584,3.5044086,-1.018473,-2.2222927,2.7068653
-1.2739621,5.3741975,-0.14936848,2.4438932,4.332473,3.6187086,0.7047336,-6.2820272,-1.2083893
-2.162161,1.6780818,1.6968845,-0.97496843,2.525884,4.4343367,0.64468133,1.1903652,-1.5153943
-2.605641,5.6179156,-1.4526516,-0.34367016,3.2280471,4.5879574,0.40313795,-0.88960904,2.154
1.1590925,3.6297083,-1.4037638,3.9089773,4.2991786,2.321654,0.67158526,-4.8918667,-1.1263132
-3.6436067,3.6503003,-0.5346685,-1.4166303,5.657456,5.79813,-0.3779904,-1.5907468,1.7834159
-3.0908012,1.8997823,-1.7416891,-1.4506191,5.0198593,7.1951895,0.97886056,-1.0014763,2.288064
-3.754936,5.374317,-0.88056463,-0.4875516,3.9458342,4.443519,0.18617997,-2.2260582,1.5184478
-3.7877383,2.0134637,3.6673431,-2.8627415,3.7653997,4.3118777,-0.40907177,0.4126487,-0.0874707
0.8083302,5.217422,-1.7757616,3.4775507,2.7226171,5.007683,1.5967157,-5.0117297,-2.6560125
-2.6040099,2.6458406,-1.31601,-1.5081862,4.7900968,6.8405137,0.29074726,-1.5657598,1.8877838
0.6234522,2.6269343,-0.8245285,2.464381,5.048066,3.9917488,0.54244035,-5.2798786,-0.6216802
-2.916898,2.6847258,-1.3326924,-1.7134905,4.927157,6.156424,0.3177627,-1.1966518,3.2117124
-1.7440921,2.6612785,-1.4747767,-0.0194771,5.0074644,4.6333356,-0.028284438,-0.85387117,1.5898387
-1.9226631,1.317822,-1.1286818,-1.0651195,6.093532,5.473135,-0.35968423,-0.8822338,2.4893847
-5.7522492,3.7334144,0.00850277,-2.3839111,6.9980335,7.029008,-0.24063748,-1.0546389,2.116409
0.95772755,3.58164,1.4347903,3.2288768,2.3128428,0.62708515,1.2870991,-5.267562,-1.7195759
1.1304468,1.8520602,-0.54985756,1.9438416,5.2110767,4.1441708,0.08197024,-6.1816006,-0.38156635
-1.9391819,2.9770687,-1.1816745,-0.2344268,4.6604447,4.4101048,-0.24096507,-2.1577811,1.4144828
-3.489386,2.9601004,-0.7195868,-1.0826925,5.485157,5.765541,-0.13745862,-2.4178803,1.1551152
-4.156117,2.8299248,-0.7819817,-0.53945553,6.0025506,5.3575616,0.1388081,-1.9931153,0.81725407
-3.2664447,4.071696,1.0601478,-0.34898007,2.0910661,3.074008,1.6944001,-0.29159674,0.8586455
-2.2729182,4.0407586,-0.041596483,-0.48164812,3.8294256,3.4680636,0.38002616,0.7056086,2.3405945
-3.3566744,4.4076295,-0.17504914,-0.46945164,5.8132677,5.0546513,-0.9239626,-1.8409706,-0.00038760155
-4.2035556,3.7897036,-0.9600684,-1.8160521,4.8408117,5.387311,0.3297579,-1.8308345,3.5767562
1.5167062,4.8834114,-1.3429208,3.28146,2.6632843,2.0735047,0.593049,-6.284871,-0.16996568
-4.9762273,4.552667,-0.5964406,-1.1988037,5.4082093,4.418446,0.0839026,-1.6253465,2.9661918
0.022611743,4.5817513,-0.3470636,2.024091,3.3422086,3.5763576,0.5313197,-7.764271,-0.6480012
-0.62550664,3.7475536,-1.4457941,1.9202689,3.4180057,3.5402904,1.8398484,-5.4379826,1.9123036
1.7952315,3.298871,0.28415817,2.1078663,0.361067,1.8343198,2.3937254,-4.219814,0.8749966
-2.8605018,1.8815647,2.262643,-2.1974308,2.7848146,3.827101,0.8318824,-2.1900606,1.5121461
-2.3547435,3.2615125,-1.5882596,-0.8637097,4.72433,5.912971,0.38329855,-0.14203867,2.3487787
1.3324538,2.44641,-1.5590761,3.469065,4.145352,3.3619547,0.9529114,-5.9904637,-1.3885775
-4.982901,6.0603786,-0.21947522,-1.6146312,4.7685776,5.860331,-0.113534115,-1.7782742,1.6436958
-4.160317,4.2283683,-0.30346495,-2.1679313,5.657492,7.1793585,-0.36532202,-1.4398829,1.5862134
-2.2048488,1.7410784,-0.53149706,-0.93124616,6.084115,4.8838997,-0.8996445,-2.6050029,1.4622943
-1.1404641,4.8976703,-0.6664999,2.1338367,4.6880937,4.655947,1.1849501,-3.969883,-0.30932677
-3.6956072,6.058867,-0.8812204,-1.512327,3.6836019,5.770269,0.21515912,-1.090958,2.5346243
-3.6417463,4.31937,-0.27542764,-1.7279968,6.471153,5.4019365,-0.9256834,0.43645373,3.1192174
-2.4211893,3.6448815,-0.56874484,-0.18744865,6.2434382,3.5451114,-1.0270848,-0.006354777,2.1854525
-3.001159,3.0497043,-0.73356146,-1.3870236,4.9115267,5.6314263,-0.27122012,-2.9827504,1.6776704
-2.1448913,2.2462008,-0.4262337,-0.86404264,6.493051,3.6135798,-1.2631567,-1.2123097,2.9357846
-4.403023,4.882635,0.458086,-1.1892712,3.5481112,5.5880613,0.9870933,-1.2031499,0.42714328
1.16196,2.5444636,1.5154284,1.3509262,2.7321975,2.3881593,1.3285493,-3.6347654,0.6830327
-4.580774,2.7003086,-0.5340584,-2.5041027,6.240425,7.050642,0.0053041503,-1.5751301,2.840322
-2.7903209,3.3325813,-0.34731895,-1.0607198,5.669165,4.5428505,-0.98968995,-2.2989736,1.8288362
1.7078676,4.0056796,0.22190247,2.768999,0.85239047,1.161896,2.0743954,-3.2348096,0.5401401
-3.1048887,4.57437,-0.9950678,-0.65110254,5.607292,5.384941,-0.18869239,1.0280076,2.0548298
-3.1765347,3.688767,-0.48111004,-1.1187391,5.9994144,5.5244126,-0.69204485,-0.852207,1.59341
-3.6119614,5.451798,-1.274115,-0.79313624,3.88531,7.347211,0.77524966,-0.8535171,0.048827656
-3.919356,4.5249314,-1.0202079,-1.2383302,5.245559,6.223714,0.27765962,0.081937104,2.1606336
-3.2255569,3.4015248,-0.45925325,-2.2404869,5.9573736,5.4457107,-0.7900641,-0.7409008,3.9740117
0.30895233,5.501826,-1.0786508,2.5063536,3.7828622,3.7190351,0.8734422,-3.3656445,0.34780878
-2.3426678,2.9383695,-0.77998513,-0.8247807,5.1804924,4.6274877,-0.5973047,-2.322611,1.8224564
-2.8660963,2.8465536,-1.4152762,-1.4231724,4.752862,5.0419226,0.31132483,-1.1890503,3.9071372
-1.7400858,0.3370358,2.310077,-1.1333481,2.869116,3.4382575,0.30496132,1.2042224,-1.0093542
-4.5744386,4.1090684,-1.140109,-2.3630204,4.2930965,6.87281,0.8686249,-1.7976053,3.408279
-2.9916697,3.256854,-1.4295323,-1.6655252,5.032442,7.3994994,0.5087,0.049431473,2.3099594
1.2454808,3.620123,-1.2742133,4.1920877,4.8722525,3.4163382,0.53789085,-4.265875,-2.914494
-0.046654336,2.7091174,0.06806402,1.5307485,3.367739,3.2268522,1.7509588,-4.500664,1.2694463
-3.4761662,4.9145756,-0.9245408,-1.0378454,5.3188524,6.0734334,-0.04568935,0.61764747,1.8822116
-2.9369733,4.5116754,-1.003473,-0.57015157,5.7895613,4.8062086,-0.32005984,1.4488524,2.667163
-3.0357256,3.4355927,-1.2484726,0.0076571703,5.5603347,6.0724463,0.27332076,-0.23551115,-0.0039378926
-0.56931245,4.3559284,-0.033239793,1.1547747,4.566701,5.8913293,0.44494706,-6.3236856,-1.2232794
-1.0686623,4.7856507,0.031285275,0.9933795,3.9702916,5.508362,0.74072844,-7.014456,-0.6816356
-3.029389,4.345578,-0.26979405,-0.93604887,4.974903,4.417727,-0.8970403,-2.825345,1.393826
-3.2744548,4.017566,-1.5477258,0.10689381,4.9507246,5.917358,0.73302555,0.08704242,0.46120018
-3.3950498,3.9430435,-0.19358428,-1.0607257,5.7333684,5.6123314,-0.83699036,-2.2413855,0.5243562
-4.829346,6.5159154,-0.59564406,-0.9941958,4.2449374,4.814969,0.22274715,-1.2219788,2.1532872
1.3388072,3.638162,-1.8402957,3.5300457,4.3938875,2.8975286,1.0376446,-2.4968543,0.2649762
-0.20503819,3.2467606,-0.20242913,1.1753972,4.704323,4.896418,0.45758888,-6.448696,0.0110241845
-3.1116962,3.830213,-0.8268414,-0.19194975,4.8954105,3.045871,-0.32812655,-2.2806208,2.3233845
-2.8285775,3.7033265,-1.3100865,-1.214516,3.649261,6.2424874,0.54211515,-2.7296224,1.5400673
-3.7254677,5.4158854,-1.1590067,-1.6500887,4.2853756,7.122667,0.51583046,0.13538519,2.1790752
-2.7386694,5.0373793,-1.4530741,-0.6011903,3.8080652,5.2416306,0.4064679,-0.47395918,2.1498866
-3.343883,3.7588203,-1.0711926,-1.9396135,4.7622476,7.3889456,0.29651877,-1.0763288,2.015144
-4.464923,2.085749,1.4355422,-1.0962712,2.8653324,4.9336834,1.6868871,0.3222262,-1.1466378
-2.0319824,2.0595787,-1.6592242,-1.1236554,5.186758,6.192267,0.3745239,-0.058744222,2.7746341
-3.3359568,2.7115037,-1.7982922,-1.1248332,4.1476045,6.573552,1.2015079,-1.9371732,2.0122228
0.15672815,3.1497643,-0.15912195,1.8730716,5.868662,4.734005,0.009386443,-4.652742,-0.8529759
-2.899202,2.4282365,-0.60112303,-1.7173096,6.177175,6.1102576,-0.62050027,-1.2797619,2.266116
0.17725766,5.0903335,-1.0839516,3.5371006,3.9892125,3.5919335,0.88006854,-4.923628,-2.0916567
-1.469711,4.852785,-0.27249688,2.8852122,4.9309654,3.683964,0.8257751,-5.965142,-1.8995496
-5.402798,3.8280082,-0.13542254,-2.4445822,6.1677017,6.1993923,-0.1982159,-2.027916,2.9392257
-3.310495,3.4182112,-0.6694316,-1.1087424,6.765483,6.4104233,-0.4845799,0.96919805,1.5449978
-2.7735264,2.6184318,-0.38918084,-1.1631994,6.176856,4.739566,-0.97917724,-1.9655585,2.0550942
-2.6694684,3.1232572,-0.9591642,-1.5223626,5.093957,5.5541835,-0.26333258,-1.4370984,2.8105593
-4.061031,4.7170043,-1.4986619,0.02971515,4.917461,5.05973,0.8859359,0.47237793,1.6418271
-5.2117667,1.7398864,3.2317026,-2.9445195,3.1668653,4.6630807,1.0055127,0.79807186,0.537607
-3.8714445,3.9219844,-1.6734968,-0.23638359,4.629719,5.2143326,1.0676754,-0.46026883,1.9650602
1.3230017,4.4052405,-0.9761198,3.6515484,4.0244136,1.6352736,0.11334901,-5.4528785,-0.6784419
1.5638552,3.6575735,-1.9862614,4.16176,4.1971884,3.0871787,1.1100616,-3.0885282,-1.267787
-0.6767155,5.8031745,-1.5507666,2.5016737,2.7031164,4.2140827,1.9779754,-4.5699677,0.2826857
-3.110384,4.8412185,-1.336047,-0.6967423,4.6708508,6.099635,0.36800632,0.5030491,1.6492449
-3.2888098,3.0141656,-1.267082,-2.0610273,4.4859257,7.08076,0.5380749,-1.9303474,2.621193
-2.0848663,2.6954632,-1.7553785,-0.9085479,4.335533,5.661151,0.5227453,-1.0153836,2.651464
-2.363834,3.7159708,-0.9508005,-0.41842285,5.437558,3.9880478,-0.5593363,-0.3347126,2.5300982
-3.2255843,3.2768335,-1.0849652,-1.5072726,5.493273,7.4715414,0.20861503,-0.3308793,1.3440359
0.875911,3.4791543,-0.7831859,2.7782915,4.8710194,2.7527635,0.21481398,-4.7121205,0.054835446
-0.9269006,5.8211465,-0.2614165,1.6773798,3.715879,4.675713,0.82107127,-5.685977,-0.50172406
-3.7236094,4.40089,-0.63007313,-1.7896708,3.8998084,4.8188124,-0.04437218,-3.6064863,3.0492663
-4.571658,4.148438,-0.7764637,-0.045784503,5.519399,3.39024,0.13063687,-1.7140752,1.935714
-2.5841515,4.7397313,-0.019187521,-0.3449947,2.843283,3.352591,0.7002781,-0.5164486,1.7504714
-3.2436624,4.209884,-1.3230233,-1.5873944,4.8416443,6.8930473,0.42026475,0.40635398,2.6178112
-2.9536293,3.5494359,-1.6053225,-0.8503529,4.629731,5.6446304,0.6208398,-0.2649487,2.637096
0.04965008,2.6605377,2.6089678,1.1345466,2.5505583,3.480386,0.7218385,-5.4165344,-3.1584973
-3.7496428,4.0875316,-0.3008743,-0.9063604,5.1555605,5.2654247,-0.48651,-3.1976256,0.45186788
-5.1157427,3.4968345,-1.4771148,-1.5779585,5.432213,7.3641014,1.3649728,0.053212672,2.4719906
0.4016186,5.4760876,-0.9914543,3.0156844,3.3877401,4.2615824,0.82455724,-5.490424,-2.067701
-3.0432987,4.210465,-0.8688584,-0.7735536,5.2682734,4.4538336,-0.35239372,-0.5126821,2.6186218
1.634853,2.0424511,-1.3539398,2.7401097,4.8010135,3.1762779,0.5317657,-4.602091,0.42026728
-2.0417342,2.231292,-0.46788406,-0.2145268,6.5163527,3.700784,-1.1886319,-1.4150213,1.5204312
0.25878417,5.472724,-0.5474232,2.4385953,3.479361,4.6393375,0.5253513,-6.231151,-2.0389607
-3.7389097,5.448936,-1.249105,-1.5348128,3.6937099,6.8114133,0.73024833,-0.7730822,2.118743
0.8795439,4.7431684,-1.737766,2.7578921,2.8910778,4.2336006,1.4563714,-4.441576,-0.20410287
-5.191815,3.31963,-1.4804718,-1.7428147,5.367638,7.8399134,1.4680346,-0.26340005,2.2207863
-5.429856,3.6267,-0.91985756,-1.3155727,5.900733,6.1424356,0.7437538,-1.0029731,2.1525269
-1.9337181,2.4401839,-0.44849426,-0.32635307,6.3180194,3.1240177,-1.2633681,-1.3191453,2.3588529
-3.541637,5.5512834,-1.2341248,-1.145007,4.4946103,5.767863,0.33944336,0.7825982,2.8533916
1.8665545,0.20095664,2.440018,2.1381,1.23183,1.3823409,1.3555514,-3.0755434,-2.8419476
-1.8432801,1.2226926,-1.189995,-0.70644104,5.7917747,5.8129497,-0.17069465,-1.6005415,1.2666361
-3.524775,4.28945,-0.58701235,-1.3031663,5.0811443,4.3160067,-0.46694627,-1.7399265,3.0823536
-5.5648823,4.231443,-0.6785014,-2.1182768,5.9775653,6.9992123,0.49669608,-0.42278096,2.6914759
-2.8787272,3.4056847,-0.23580618,-0.19442824,6.971991,4.403106,-1.2432086,-0.39250824,0.7513308
-1.3201541,2.2227385,-1.2283266,-0.10840207,5.2562594,3.16335,-0.54352427,-1.1437519,2.930221
-4.487138,2.5085115,-0.4153096,-1.2726208,6.5194774,5.711041,-0.19147205,-2.3234563,1.3773401
-3.7755592,1.6566557,-0.77193373,-0.70453477,5.947786,4.5875797,-0.030464567,-3.5785482,1.5008175
0.022008544,2.628796,2.3420088,1.6692971,2.0292468,2.717675,0.96319073,-6.503287,-3.4403222
-4.4996037,3.4200232,-1.1890434,-2.0284438,5.2921023,6.572153,0.7270257,-0.65951556,3.5221102
-3.8029163,5.874555,-0.90303594,-1.8007482,3.6501312,5.8032703,0.2789855,-1.2260091,3.095075
-4.323282,3.5326319,-0.105171636,-1.7509452,6.509898,6.5582223,-0.61494386,-1.57953,1.1615503
-2.0777495,2.7052078,-1.3398463,-0.55467105,5.534734,4.990507,-0.14142463,0.029169114,2.4420907
1.042007,3.9400318,-1.4944087,3.2250001,3.9597778,4.587296,1.0574132,-4.493216,-1.8915379
-2.3634777,2.8965943,-0.4197321,-1.0337214,3.4529088,6.0027885,1.1867411,-0.18222448,1.0889874
-3.974151,5.886205,-0.7665692,-1.8385913,4.7356815,6.199978,-0.017853178,0.40456286,3.0707831
-2.9497256,3.455828,-1.562333,-0.37226525,3.9339006,3.680334,0.5896942,-2.1598165,3.0622349
-3.6017911,2.887777,-1.1483812,-0.84652364,4.8379397,5.920604,0.4981845,-2.7076523,1.0184172
-4.1401277,3.9317486,-1.1919104,-1.4539118,4.6935267,6.7608376,0.7263175,-1.39843,1.829746
-0.66713667,3.7969005,-0.980208,1.9745134,4.1276326,4.3402815,1.4016044,-5.4139004,0.3528502
0.9434751,5.20853,-1.1584888,3.7716153,3.686875,3.0461342,0.5739045,-5.0028605,-2.0568793
-2.6488118,2.7477047,-0.34874636,-0.41888723,6.59336,4.7809486,-1.0752239,-1.3971571,0.6253149
-3.6512356,4.63654,-0.34888297,-0.7601595,4.488503,3.7853863,-0.48980746,-3.5379145,1.6578045
-3.8051598,3.2332978,-0.041408252,-2.1368484,6.7827826,6.7483587,-0.9448273,-1.0515193,1.7917174
-1.5729973,1.6778162,-1.5233017,-0.04987304,5.6031575,5.203885,-0.0072614923,-0.60763294,1.2724249
-2.4309196,3.392224,-0.49122393,-0.60600984,4.9161735,4.061447,-0.86113274,-3.4141798,1.197671
-1.9546789,1.198619,0.74894226,-0.42365476,3.6192997,5.2499247,0.63374716,0.65342003,-2.0504448
-3.3598266,4.2225447,-0.4751268,-1.5094675,4.6734157,6.279929,-0.32575002,-2.7633398,0.9510352
-5.4148602,3.250746,-0.87311584,-1.8817617,5.8692203,7.290921,0.8053416,-1.3901665,1.9105899
-3.111739,3.995537,-0.4375332,-1.261058,6.145171,4.594406,-0.93125975,-0.09841344,3.032637
-3.5683537,4.7318006,-1.4073933,-1.9466127,3.258477,6.5964823,0.9201092,-1.7583201,3.136559
0.95772755,3.58164,1.4347903,3.2288768,2.3128428,0.62708515,1.2870991,-5.267562,-1.7195759
-2.843165,2.433924,-0.89506525,-1.3915462,6.103506,6.6693945,-0.25042737,-0.61936295,1.6327784
-3.006441,4.190015,-0.24132784,-0.86064017,5.649044,4.0276666,-1.1039908,-1.7516509,1.9698133
-3.715457,4.0054445,-1.489663,-0.02727881,4.281804,3.4708514,0.75004745,-1.5468434,2.7468534
-6.05471,4.127359,-0.32648903,-2.0118694,6.568983,7.018589,0.2991591,-0.7285126,1.9475465
-3.7955287,4.344368,-0.78034717,-0.94866776,5.455544,5.6394396,-0.06169621,-0.61276764,1.6365553
-3.117562,1.6497356,-1.0412272,-0.5446242,5.3518105,5.1040087,0.17843878,-3.4354486,0.95079625
-4.034344,4.816303,-1.1506507,-1.037161,4.5596075,5.2948856,0.48224035,-0.74822485,2.6268957
1.4540515,3.4656503,-0.97869045,3.1066678,4.3809137,1.8306916,0.09280404,-5.2639747,0.34562528
-2.7304,1.1985749,2.1218219,-1.7422918,3.9016247,5.027295,0.08103954,0.62670815,-1.0097266
0.77679193,2.9320433,-0.997655,1.8726052,4.5702324,4.932266,0.76580834,-4.717314,-0.04883807
-3.65773,3.3546588,-0.07893272,-2.4543478,6.4061985,6.084917,-1.014638,-1.2706076,3.084289
-4.7840786,5.102356,-0.33187968,-1.3347266,5.5593157,6.045175,-0.16486612,-1.2432069,1.2144775
0.45349658,5.24071,-0.5252314,2.197421,3.6956658,3.0984073,0.28156605,-5.43293,0.32359612
1.1098987,3.1419985,0.11802547,2.2405865,4.0025444,2.2244828,0.8806509,-2.6713147,1.1003395
0.74660504,1.9592611,0.72582006,1.4982796,4.5786457,4.1964107,0.66674614,-4.935219,-0.8235517
-2.95853,3.9196122,-0.28906304,-0.20390382,5.7837505,4.6566715,-0.94262576,-2.0765553,-0.049294047
-2.650867,3.4005349,-1.4644696,-0.40216097,5.498555,6.475928,0.34041402,0.84299684,1.012852
0.19689667,3.6715043,-1.1931864,2.5079932,3.7413142,3.733051,1.1878272,-5.908408,-0.116351
-4.629625,2.7514336,-0.47115964,-1.1868684,3.9583814,6.0594387,2.1051686,-0.2760037,1.6397102
-4.968077,2.6618567,-0.60448414,-2.6792643,5.8452644,6.615698,0.29730693,-2.2337146,3.6078491
-4.891216,2.716011,-1.3908846,-1.5946046,5.391979,6.378619,1.1608418,-1.2475897,3.0360346
-0.4945842,5.5773654,-1.1431322,3.5148826,3.3073757,2.8990998,1.2945198,-5.868786,-1.3701357
-2.6731207,4.0918856,-0.95717704,-0.7647271,4.2916536,5.188925,-0.12711635,-2.2453408,1.3400067
0.9273341,3.9827588,-0.37204212,2.0579531,1.733534,2.739475,1.8112313,-5.064124,0.8700995
-4.431067,4.8376184,-0.4988218,-0.38493732,5.6460047,4.8323984,-0.16713479,-1.192284,0.8156383
-4.333984,4.914454,-0.8157895,-1.9939066,4.09727,5.183512,0.3009615,-2.176398,3.8138165
-4.1398253,4.427135,-0.3329987,-1.5617534,4.7466106,4.025523,-0.42761824,-3.2593136,3.1455264
-2.4662166,3.5829701,-0.6590111,0.12840429,5.880974,4.126922,-0.7978544,-0.95228356,0.69873625
-2.110644,1.9983798,-0.83091575,-0.47730312,5.922204,5.0580974,-0.59991693,-1.8723427,0.9589755
-3.7122715,4.6346498,-0.623231,-0.076346666,5.2152405,4.1470547,-0.29058924,-1.7245495,0.84037745
-3.8564582,4.3799033,-0.63407785,-1.3170792,5.7108502,6.843951,-0.14470291,-0.3429887,0.9950726
-3.2557662,1.7419541,-0.82465976,-1.4227264,6.0611353,5.826144,-0.16622972,-2.1325688,2.090169
-2.4894018,2.780969,-1.216688,-1.0293821,5.8161764,5.78244,-0.10918743,0.3736296,2.5518394
-1.5574987,1.9560779,0.65751076,-0.60899997,3.1697738,4.0879197,1.3472785,1.4113009,1.3950218
-2.1892486,2.2190182,-1.3930378,-0.8110757,5.267971,6.213679,0.14869049,-1.0057824,1.4321074
-2.2383177,2.8402421,-1.575339,0.17382112,4.73465,3.934106,0.26403925,-1.2716297,1.9835558
-3.013296,2.2250988,-0.34743398,-1.8764879,5.9101973,6.4349113,-0.71284634,-2.918604,1.3813665
1.8459595,2.861976,-1.7624673,3.3819134,4.0834236,2.4716063,0.78331286,-4.262636,0.3795848
-3.3666773,3.4203067,-1.3559183,0.3294486,5.3474007,5.6256313,0.5555636,-0.7237972,-0.15207815
0.73280823,4.0564113,-1.5331465,2.4522994,4.3087955,3.869836,1.1341214,-2.3043454,1.2117927
-3.7028275,3.3832414,0.06009542,-1.7309599,4.1118,6.5411935,1.0854276,-0.15182689,1.4020957
-2.2390947,3.38813,-1.4098783,-0.14510778,4.290786,5.615775,0.27515855,-1.9132346,0.34653383
0.6413076,3.214656,-0.6975785,2.0961018,4.6024714,4.335861,0.48665205,-5.5037804,-0.48965263
1.8782123,2.80987,-2.1659913,3.8426113,3.6922522,4.205705,1.3817277,-4.6010084,-1.9818251
-4.7102613,5.1825986,-0.5679434,-0.09824422,5.6096926,3.5754797,-0.12619683,-0.92150134,1.7633346
-3.4461908,1.2570075,2.668573,-3.2949274,3.879667,5.9662294,-0.18062979,-1.7447834,0.119622655
-3.1489558,1.9847546,2.494257,-2.3274791,3.1965773,5.232159,0.18299532,0.3485038,-0.65775925
0.7179383,3.2833107,0.6619827,2.7971737,4.470414,3.0890696,0.54748094,-4.537816,-2.1960802
-3.5265398,5.412846,-1.3601038,-0.9716401,3.303572,6.3758993,0.86880237,-1.4616319,1.3774114
-2.5419042,2.6787732,-1.3220744,-1.0857838,4.944956,6.7403936,0.2741927,-1.3820115,1.2044086
-4.0416727,3.8574529,-0.603278,-1.5234474,5.38329,5.005154,-0.2024732,-1.8284227,2.8847604
-2.9665785,3.3659973,-0.5682774,-1.2778317,5.718589,5.417654,-0.64403033,-1.390124,1.9641476
-3.0500388,4.140714,-0.26491386,-1.0515608,5.3598046,4.34428,-0.99209905,-2.295004,1.8739212
-3.1238503,4.110236,-0.82453173,-1.4294654,4.7625127,5.8814473,-0.16939858,-1.5627873,2.0335886
-2.5475733,4.2438393,-0.9349731,0.010151118,5.0462904,4.3318768,-0.38721922,-0.9105428,1.0616497
-1.4558455,3.107044,-0.24035509,0.5816047,4.306983,2.6155949,0.25219542,0.97114104,1.4748635
1.3477232,5.223721,-1.2930969,3.7298887,3.0924706,1.7584379,0.49334365,-5.4950256,-0.60785085
-0.8361335,1.611338,-1.9190885,0.4027883,4.7053957,3.9519823,0.26452774,-0.6620682,2.1544209
-0.1677233,4.917616,-0.6596226,2.6008682,3.937393,2.9405148,0.66384214,-5.7083693,-0.11979859
-3.393322,2.5778427,2.8608897,-2.0946074,3.2356236,4.4622536,-0.12122623,-0.015603153,-0.9448742
0.4069538,4.3543525,-1.4328393,2.7623038,3.708029,2.921807,1.1614625,-4.272565,0.93037754
-4.150533,1.5827346,3.514323,-3.3302531,3.371165,4.8719254,0.16404009,0.4674026,0.526668
-3.1565228,5.097442,-1.0368241,-1.2156632,4.4714847,5.1514974,-0.04198072,-0.2622815,3.0213587
-0.80972385,1.2059,2.6806827,0.49445322,2.5017226,3.7483284,1.6156694,-4.9878087,-1.9219617
-1.9847311,1.7424104,-0.79595715,-1.1350273,6.2456765,4.341938,-0.85544467,-1.0632278,3.2858443
-0.4637668,3.284446,-1.3587865,2.9988127,4.0577974,3.147783,1.566504,-6.0658484,-0.20532048
-2.6247957,3.519455,-1.1817425,-0.05751908,5.719737,5.766901,-0.034407116,0.3534173,0.50886446
-1.6713408,2.495163,-1.8594358,0.13707867,4.317257,5.7546163,0.5833304,-1.424112,0.41205513
-3.6286347,4.720817,-1.3910345,-1.9258505,3.9633267,5.9812937,0.6692374,-0.5053807,4.0900187
1.4591203,3.9706233,-0.9799686,2.790683,3.420543,2.190234,0.25787863,-6.48866,0.24495238
-0.62813807,6.388826,-1.234831,3.1169262,2.9738874,3.3215928,1.4707553,-4.763234,-0.5885076
-1.0291182,1.7649721,-1.9989612,0.17366466,4.251137,4.755501,0.48300523,-1.5398823,1.5833759
-2.9336672,1.6295495,2.253735,-2.4060493,2.942139,5.860212,0.70940065,2.0167952,-0.3775218
-3.4420996,5.2853427,-0.48804194,-0.7771034,4.431353,4.41872,-0.45128712,-2.261176,1.55179
-2.7557015,0.4326223,3.1093745,-2.5318725,3.6505837,4.4036064,0.033316873,1.70252,0.12073762
-3.2255569,3.4015248,-0.45925325,-2.2404869,5.9573736,5.4457107,-0.7900641,-0.7409008,3.9740117
-3.7747517,4.8361583,-1.3552622,0.1742154,4.094713,3.5680892,0.65651673,-1.372178,2.06258
0.25350368,3.0676024,-2.0962336,3.0051963,3.4072745,3.7137382,2.0607622,-5.1006393,0.32855576
0.68649316,4.3279624,-1.2322918,2.0939534,3.7148464,4.1914454,0.9895773,-4.0980997,0.70830446
-3.4386096,4.8435616,-1.1423516,-0.87642634,3.945961,5.9154944,0.45970252,-1.6995716,1.2772807
1.2442805,3.1581514,-1.8422762,2.9304585,4.123041,4.6266108,1.3267524,-3.4953182,-0.5526688
0.23793566,3.70356,1.4792821,2.7592485,2.8644917,1.5295964,1.3868897,-4.7655663,-1.4952226
-3.9844794,5.021028,-0.50607735,-1.596867,5.740572,6.511492,-0.34182855,0.28911176,1.9143627
-4.4446616,5.48004,-1.0914198,-0.6204488,4.0217743,6.031353,0.8047896,-1.6221491,0.66135687
0.6593472,3.0568545,-0.6104943,1.3349044,4.45549,4.5830293,0.44171187,-5.581731,0.6851767
-2.1650603,3.9781058,0.16560487,-0.5211371,2.7149887,2.7186093,0.4024079,-1.8609825,2.1048737
1.2441921,0.87500155,1.8121479,1.8606857,3.374768,3.083762,1.0991791,-3.8181999,-2.4022427
-3.9049134,5.6747518,-0.93846565,-1.8088043,3.6603713,5.9813514,0.3888166,-1.4303302,2.9286256
-1.6895154,3.2144163,-1.5316516,-0.351166,3.9592555,4.056892,0.055484734,-1.9368929,2.525035
-0.984017,4.799604,-0.62163717,2.8810315,4.6971874,2.7697887,0.88284224,-4.9495244,-0.20362777
-3.946154,3.6240275,-0.37667948,-0.28825817,6.109533,4.3796453,-0.50967014,-2.0262947,0.69641805
0.28510392,5.549669,-0.6259261,2.8109562,1.2358257,2.5244856,2.2731597,-4.3464766,0.11410502
-2.3168411,4.2982726,-1.4594612,0.20744094,5.149434,4.3542433,0.069472544,1.3577833,2.106442
-3.656775,2.303868,2.680976,-1.8139015,1.4093871,3.869212,1.324758,0.9156104,-0.4572174
-3.8523107,2.6907697,-1.073029,-1.8935481,4.9664803,6.329094,0.4524031,-2.4655051,2.7191868
-4.424066,4.9128156,0.15970986,-2.7376046,5.4905195,6.9916573,-0.7612455,-2.0606432,2.119647
-3.4258535,5.2893305,-1.0424614,-0.8979515,4.5882077,4.908494,0.04623749,-0.08753142,2.721187
-2.821421,3.1136358,-0.59736043,-0.8233881,5.1009846,3.1517022,-0.7297137,-3.1612482,2.9060788
-1.3126053,2.322825,-1.9506937,0.13570389,4.033142,4.9789753,0.5194279,-1.6863061,1.2510192
-1.5780782,2.4786139,-1.8866613,-0.03740917,3.7384942,5.7311373,0.72493386,-2.2690392,0.57856447
-3.4312072,0.47706765,2.759294,-2.5893152,3.8541853,4.5892277,0.031961314,-1.6610904,0.013456412
-4.5727262,3.9857013,-0.7933157,-0.44722465,5.346881,3.502369,0.16681537,-2.0054388,2.5636144
-2.5391164,3.3432872,-1.1485931,-0.7845676,5.8823323,5.0915403,-0.2388623,0.94230354,2.8750145
-4.86391,1.727103,2.7851868,-1.3953978,3.8007016,3.1478608,0.5461785,-1.3586292,-0.82440585
-4.09483,3.148492,-0.96773297,-1.4616667,5.610506,5.7522836,0.27980697,-1.1704115,2.751985
-3.2292511,1.1106724,3.4428701,-2.5468032,3.9047291,3.9819753,-0.43026933,0.14560172,-0.14030153
-4.5727262,3.9857013,-0.7933157,-0.44722465,5.346881,3.502369,0.16681537,-2.0054388,2.5636144
0.71380186,0.63964975,2.8233643,0.78436303,2.7629883,3.1402912,0.71687466,-5.0853257,-2.2822366
-3.1372323,3.4534266,-0.16878732,-1.5843445,6.5031185,4.605794,-1.2339613,-0.78938895,3.1196537
-3.6799054,2.7690828,-1.7638984,-1.5439274,3.930201,7.1405244,1.3831127,-2.378551,2.1174402
-2.739513,3.3389132,-1.3447772,0.16099307,5.1734486,5.5330453,0.29099545,-0.7500772,0.19250995
-3.701214,2.8523548,-1.0729594,-1.2083075,5.530337,5.0872364,0.21466944,-1.2944067,3.0269558
-3.5531468,3.5383518,-0.09226115,-1.0733047,6.781276,6.0736074,-0.9825783,-0.94699085,0.41626698
0.52833307,3.2150366,1.4265555,2.676468,2.98281,3.3592982,0.75665534,-4.936106,-4.652049
-0.80972385,1.2059,2.6806827,0.49445322,2.5017226,3.7483284,1.6156694,-4.9878087,-1.9219617
0.73280823,4.0564113,-1.5331465,2.4522994,4.3087955,3.869836,1.1341214,-2.3043454,1.2117927
-2.9090738,3.4738538,-0.6697956,-0.77651584,5.254929,5.217272,-0.45822695,-2.189855,1.0173157
-4.582579,2.2139187,1.6771517,-3.0128417,4.0757585,5.360545,1.0381387,-1.8537358,2.907349
-4.2733665,5.949295,0.17700033,-1.9643749,5.3304296,5.3031816,-1.007351,-1.4071436,2.4374928
-5.053264,3.569989,-0.5934128,-1.23162,5.8945155,6.4038973,0.32473904,-1.9985806,0.8865491
1.3107886,3.2796996,-0.6800384,3.7055552,4.982022,2.641053,-0.0926548,-5.9240074,-2.3166535
-2.702917,2.7542212,-0.6256451,-1.7713034,5.893527,5.0449023,-0.7719322,-1.1751114,3.5248706
-2.355237,0.5051387,1.6069021,-1.259571,4.716203,5.0070305,-0.1463283,-0.5465023,-1.3236752
1.7078676,4.0056796,0.22190247,2.768999,0.85239047,1.161896,2.0743954,-3.2348096,0.5401401
-2.6618338,2.4289129,-0.7131594,-1.0277222,5.748818,6.050645,-0.4630024,-2.1262598,0.7761449
-3.5670547,2.7422907,-0.93821496,-0.31128672,5.5207367,3.9309661,0.015411891,-2.3750145,1.892515
-4.047279,3.5523798,-0.117887095,-2.3600106,5.9675283,6.5227733,-0.6905378,-2.14647,2.2140536
1.7833539,4.3183866,-2.1094594,3.7780154,2.6910813,3.0273001,1.2851216,-4.937024,-0.83459866
-0.32062542,3.6880696,-2.0204484,3.3308241,3.4125383,4.283804,2.2805178,-5.175661,-1.0094854
-4.662435,5.1985683,-0.4842463,-2.4289536,4.958642,7.3783913,0.103108816,-1.03733,2.301291
-3.3967614,4.662906,-1.1834816,-0.21800664,4.722456,5.222689,0.3080495,-0.60695404,1.0826962
0.17050028,3.9562743,-0.7831946,2.7178397,4.5268774,2.3864706,0.5291357,-5.1786013,0.53472334
-5.175161,6.143249,0.1794992,-1.9745599,5.399521,5.6277018,-0.6286572,-1.5738866,2.1433334
-4.064014,4.0329695,-0.61130947,-1.8676416,4.985237,4.855315,-0.17778417,-2.2210798,3.603315
0.6687857,2.7644072,1.8125049,1.3956667,0.16949348,3.4628327,1.909679,-5.7525077,-2.9531627
-1.9238094,3.5675511,1.349949,-0.38350675,2.8041947,2.0166686,0.6387373,0.42896196,1.7762716
-2.789176,1.7960967,-0.48016435,-1.2295346,6.279107,5.5407925,-0.74057364,-2.542243,1.349787
-3.918517,4.0451107,-0.15183409,-2.7706282,4.8469687,5.6542063,-0.6108129,-3.2263122,3.653829
-3.8792574,4.085556,-0.3380177,-1.41218,6.187646,6.5115595,-0.5323503,-0.6568913,1.0586575
-0.42403138,5.335961,-0.3454191,1.826064,4.0047774,4.2605906,0.60356975,-5.3019753,-0.19263548
0.98482764,2.6667802,-0.8118414,2.1484077,4.61581,4.6472034,0.48455074,-5.8444777,-0.9101071
-3.3116617,4.429951,-0.45630914,-1.750115,4.8562183,5.3369803,-0.5662868,-2.0017586,2.6234689
0.4101323,5.647871,-1.5415616,1.8444315,2.1151211,4.1661253,1.5515952,-4.886962,1.4153014
-3.7928133,2.7761986,-1.3484329,-1.4152925,5.0469565,6.734602,0.7678631,-1.5060697,2.0117257
-4.2462573,3.9145815,-0.9032937,-0.8260044,5.292697,6.167183,0.38616434,-1.5298318,0.7746008
-1.2160769,1.0187864,1.0422487,-0.23055744,3.4580615,3.4947927,0.9051889,-0.38013765,-0.059803538
0.6413076,3.214656,-0.6975785,2.0961018,4.6024714,4.335861,0.48665205,-5.5037804,-0.48965263
1.1619242,3.937032,-1.1989154,2.3773706,2.9746547,4.483092,0.9189913,-6.711051,-1.0642967
-2.5398707,2.9146028,-1.2491182,-0.5353911,5.5875163,6.246663,0.07037061,-0.2142928,0.899874
0.35740006,5.2253923,-1.7637026,3.3333042,2.9797761,4.493796,1.67056,-4.5491447,-1.6380773
-2.916898,2.6847258,-1.3326924,-1.7134905,4.927157,6.156424,0.3177627,-1.1966518,3.2117124
1.424101,4.0006676,-1.3428471,3.825699,4.0530024,2.6541443,0.5293705,-4.9683475,-1.4826394
0.95309114,4.034831,-1.4222586,2.4011009,3.483812,3.66528,1.0352969,-4.634761,0.69615924
-3.48706,2.8550801,1.8045073,-2.5559595,4.3233547,5.3855543,0.3753957,-0.71953887,1.9708283
-3.1123824,4.578697,-1.4369421,-0.69095755,4.798963,4.9705915,0.34992197,0.7940619,3.096847
-4.0359764,2.2066102,-0.8043271,-1.3678584,5.930958,5.956956,0.14905682,-2.3670058,1.7888153
-2.7644148,3.0222652,-1.3554397,-1.6834816,4.362028,5.9852953,0.33726066,-1.8100766,3.1084175
-1.1886089,5.710383,-1.4101195,2.1867356,3.0145721,5.375849,2.16811,-4.4288063,-0.36046737
-3.7152274,3.1668699,-1.2926842,-1.957018,4.426915,6.9571404,0.7401974,-2.0899544,2.5622387
-1.4350779,2.4001794,-0.52041346,2.2383883,5.2603726,4.275612,1.288455,-7.0064716,-1.0119739
1.3985783,3.2765965,-0.6943602,3.7219498,4.996029,1.8657618,-0.19236207,-5.64723,-1.4501222
-1.8012277,1.2508389,-0.90495723,-0.65091276,5.8189797,5.1193123,-0.49594864,-2.3414671,1.2801077
-4.239824,4.069528,-0.93988246,-1.9080869,4.618318,5.1638904,0.31844416,-1.928147,3.9270282
0.81849337,4.498903,-0.74581486,3.239752,4.4115114,2.892748,0.21786335,-5.0298004,-1.2481015
-3.3862495,4.750575,-0.5600725,-1.4703407,4.1231127,4.492774,-0.34516224,-2.8995478,2.8104978
-2.7923503,3.053013,-0.67022055,-1.5360664,4.6448,6.128623,-0.27529818,-3.368071,1.253021
-2.6672597,2.9398978,0.86701924,-1.5691602,5.0213647,3.5809023,-0.5781593,-0.895999,2.777338
-4.2504816,4.117801,-0.35678607,-1.5186083,5.124485,3.9936218,-0.4127135,-2.9133885,3.263223
-1.3283321,4.460178,-0.4169839,1.671516,4.276412,5.362441,1.2496878,-6.0736465,-0.97206646
-0.05755221,2.4029748,1.527265,1.5783993,2.598746,3.9881513,1.1077753,-7.4650736,-3.5072243
-4.2879405,4.1119075,-0.5503511,-1.8169388,5.344356,4.7630363,-0.20341739,-1.6429476,3.7448783
-4.5015063,0.8534307,3.1544461,-2.2248867,3.910185,3.5709646,0.33777478,-0.9249952,-0.028279595
-3.5726242,2.698611,-0.0645531,-1.4452878,7.6177225,6.6900153,-1.0641942,-0.17663452,0.8079445
-2.593608,1.3368686,-0.41533917,-1.6315236,6.767874,5.9666653,-0.9207449,-1.9285526,1.8591485
-4.1240106,5.540313,-0.5518485,-2.0534554,4.560029,5.9759774,-0.11467139,-1.0474445,3.035215
-5.409902,4.066687,-0.09459515,-1.9060594,6.1635065,6.642258,-0.13508072,-2.1514053,1.2661207
-4.9129105,2.24816,-1.0018886,-2.5163834,5.743442,7.346052,0.7650772,-1.916485,3.1490772
-3.864332,2.9642587,-0.8401498,-1.2940254,6.1987696,6.9109845,0.101884715,-0.5640524,1.203327
-2.9950743,3.4264925,-1.0918721,-1.6407485,5.5319853,6.2909565,-0.04000915,0.25357822,3.0356627
-0.46738112,2.34627,1.5220336,2.0046072,4.230448,4.442758,1.0312825,-3.987156,-3.9471474
1.9650701,-0.097676314,1.051476,2.2710774,2.1930113,3.2906451,1.6674529,-3.295405,-3.0330124
0.22792995,4.678487,-1.1509315,3.1862328,3.8241599,2.5744913,0.9127426,-5.0735703,-0.17240793
-3.2664418,3.1467226,-1.553396,-0.66800797,4.1128855,4.952044,0.7829248,-2.4345315,2.2691731
-4.6883626,4.6764607,-1.4274031,-1.8821512,4.445336,5.8816357,1.0327994,-0.13680407,4.3801904
-3.1536431,4.176487,-0.36570412,-0.22461537,5.6336155,3.0364034,-0.94358706,-1.8208374,1.909383
1.0632488,4.655894,-1.7013289,3.238899,2.2519932,4.0299473,1.4162722,-6.793005,-1.7594802
0.25350368,3.0676024,-2.0962336,3.0051963,3.4072745,3.7137382,2.0607622,-5.1006393,0.32855576
-2.4260957,3.8016837,-1.2451832,-0.819556,4.866906,4.699671,-0.11624505,-0.2773023,3.000655
-1.4965061,5.4511085,-0.29063958,1.6202344,3.9668856,5.9013853,1.1789328,-6.092758,-1.6958866
-2.3907714,5.261189,-1.5454637,0.1634719,3.5400443,4.342898,0.36714765,-0.6806814,1.5575058
-2.6948867,4.7983108,-1.4174327,-0.21962431,4.686136,5.002985,0.21068907,0.75564075,2.002883
-1.6762,2.3659918,0.002565194,0.13699451,4.2329493,3.7028725,0.27664807,-0.8469309,0.33358115
-4.4679427,4.595067,-0.10224123,-1.8352203,5.546946,5.502198,-0.5774567,-2.1992965,2.1765862
-2.842498,1.4629678,-0.6663863,-0.5439172,6.135255,4.9298553,-0.44089803,-3.123577,0.7516444
-5.439215,5.3368497,-0.26668292,-1.8380067,6.102302,5.376571,-0.23775494,-0.09932825,3.2883549
-2.8093157,3.2544982,-0.29251963,-1.1216453,6.1720657,4.3331165,-1.150629,-1.4524779,2.3973963
-2.992495,2.9123843,-0.8331514,-1.1165819,6.1435595,6.5566406,-0.2783168,-0.33695325,1.1888132
-2.6797385,4.4716973,-0.6666147,-0.98878574,3.9100187,3.9337065,-0.4788302,-3.2106068,2.4091187
-1.490453,3.2316108,1.135558,0.25105214,2.9225695,1.4082875,0.5914453,0.3369211,1.4201174
-3.3859186,4.6771026,-0.42035145,-1.644883,5.195108,4.847058,-0.7257886,-1.2284536,3.1038833
-0.57029116,3.7895565,-0.5611755,2.8373754,4.4038486,2.6252685,0.7638568,-6.991308,-0.65766877
-2.8966281,3.3541985,-1.6553549,-0.3547186,4.8831425,5.42573,0.64659524,-0.07837281,2.0133126
0.35897124,1.9122546,2.5465815,2.3559837,3.910952,2.2772741,0.32511577,-3.4065988,-3.9890585
-4.937691,5.015945,-1.1199473,-0.84164584,5.1598344,4.9645085,0.68300134,0.0638769,2.914219
-4.130228,2.4911697,1.8542782,-1.5738206,2.4834576,5.0864897,1.3897501,0.78017974,-0.97165686
-2.5492826,4.5380445,-1.5122977,-1.1701155,3.6871748,5.1189594,0.3823816,-0.72490096,3.4439335
-0.08419382,3.931039,-0.40762776,3.296014,5.4407334,3.2563136,0.2341803,-5.229969,-2.0914412
-0.4610114,5.836297,-1.0654924,2.702222,3.8945825,3.4259918,1.1454837,-3.309362,0.3598292
-4.5727262,3.9857013,-0.7933157,-0.44722465,5.346881,3.502369,0.16681537,-2.0054388,2.5636144
0.4101323,5.647871,-1.5415616,1.8444315,2.1151211,4.1661253,1.5515952,-4.886962,1.4153014
0.5652188,4.2133174,-1.5213308,2.807913,4.5284014,4.5470176,1.2045208,-2.2136142,-0.22301084
-2.623009,3.873188,0.27908987,-1.8667096,2.9346776,4.0017977,0.40858647,-1.6330463,3.4630651
-2.355237,0.5051387,1.6069021,-1.259571,4.716203,5.0070305,-0.1463283,-0.5465023,-1.3236752
-0.6392989,1.379808,1.834327,1.5739504,1.6092341,3.466156,2.60269,-3.2834287,-2.478376
-3.4311597,2.3628094,-0.3840471,-2.1084628,5.801257,6.127211,-0.5712873,-3.0282972,2.2153766
0.9821271,2.0308075,1.0043114,2.6271615,3.1647305,3.818588,1.038309,-4.3830643,-4.2983007
-2.0291994,2.8794525,-1.5866265,-0.48966506,5.3340425,4.98354,0.16445038,0.86355394,2.9336815
-1.7891752,3.1140306,0.94108355,-0.24126905,2.4705763,1.9682622,1.0662949,0.47036344,2.0951743
-5.862911,3.407585,-0.1423275,-2.005298,6.656314,6.8860416,0.098595284,-1.988784,1.4382043
-3.7139032,3.4915013,-0.8345998,-0.94242275,5.0082517,3.6328268,-0.08310396,-2.4603322,3.2696226
0.82930195,1.477898,2.27017,1.7700695,0.07613324,2.0587525,2.1638956,-3.8164797,-2.587305
-0.6255208,5.79072,-1.1219685,1.9037939,2.5917804,4.639705,1.647851,-5.573369,0.20068544
-3.7955287,4.344368,-0.78034717,-0.94866776,5.455544,5.6394396,-0.06169621,-0.61276764,1.6365553
-0.52287734,4.416965,-1.547542,2.7561605,4.249135,5.508229,1.8495275,-3.2739942,-1.2469939
-5.736433,4.682156,-0.6585112,-1.9683429,5.890579,6.5525174,0.48758927,-0.26067087,2.8727403
-3.4646282,3.2485712,-1.3568723,-1.189876,4.7828484,5.6302166,0.55464786,-1.3011068,2.733321
-0.39334,2.3953342,2.5800147,1.078796,3.2212648,4.1890645,1.1788911,-2.1382077,-2.9392958
1.3811799,3.845013,-1.9881567,2.6907985,2.420546,4.7746773,1.6356921,-5.8141375,-0.74583066
-4.7140093,3.6163557,-0.2962466,-1.7496933,5.8420315,5.314846,-0.27356166,-2.4896212,2.4711199
-1.2026209,3.263357,3.0769439,1.506792,2.067218,2.140986,1.1823615,-5.37036,-3.1594186
-5.238209,5.625312,-0.25057262,-1.9328922,5.6206503,5.4089026,-0.26346537,-0.5912829,3.2112446
0.11446155,3.7250202,-1.4509486,2.7800696,4.2119226,3.5737407,1.3528745,-4.152226,0.34712797
-0.52287734,4.416965,-1.547542,2.7561605,4.249135,5.508229,1.8495275,-3.2739942,-1.2469939
-3.514791,5.7922745,-1.4571866,-0.34255245,3.172169,4.6007757,0.8322187,-1.1808455,2.1603556
-3.5764415,4.960006,-1.6448305,0.26273134,3.6490698,4.043282,1.0078964,-1.0823469,1.8504021
-3.2804263,5.760096,-0.10892172,-0.75466657,4.330983,3.8176892,-0.9275888,-2.8703496,1.4077532
-5.089661,3.5903633,-0.18477924,-2.3830576,6.0968475,6.060907,-0.25343853,-2.1834147,2.9579873
-3.0908012,1.8997823,-1.7416891,-1.4506191,5.0198593,7.1951895,0.97886056,-1.0014763,2.288064
-4.069465,4.913676,-0.90222603,-2.169049,4.1221056,7.705103,0.5356895,-1.553222,1.8073487
2.1950407,2.7987876,-2.2150617,3.985788,3.6473293,2.5205216,1.1448674,-4.1418276,-0.36687845
-4.0094543,4.991382,-0.94499356,-0.39467517,4.188493,4.766241,0.36583224,-2.315571,1.0893121
-3.6877854,3.9198353,-0.098523095,-1.3273529,6.126241,6.2170916,-0.8430432,-1.765831,0.48862165
1.2611693,2.8936002,-1.5632713,3.6280496,5.019775,4.1501036,0.89265597,-3.3901584,-1.850101
-1.8537472,0.5036702,1.0958828,-1.3841395,3.1963532,5.4557343,0.55280036,-0.8745109,-1.1126772
-0.20957649,5.165667,-0.4892822,3.2185814,3.8376462,1.9815955,0.43286827,-6.8343267,-0.94835573
-4.243298,5.309631,-0.5172505,-0.52280533,4.983959,4.2667365,-0.22031423,-1.7073381,1.4811367
-2.5552611,3.6684854,-1.2482558,0.29159048,5.3765535,5.8837013,0.0775808,-0.26902583,-0.47306865
-3.4591396,2.558436,-0.9062658,-0.89617777,5.3532586,4.571183,-0.01181563,-2.6940594,2.2395432
-3.9331026,3.0579884,0.028622556,-2.0648186,7.4364786,7.078312,-1.027824,-0.23882422,1.5069826
0.45743692,5.0440097,-1.9419802,2.9754417,1.955913,3.6233232,1.9147217,-6.0132346,-0.13472733
-1.7360075,0.9430319,1.4391265,-0.91985667,4.529275,3.2056699,0.14057016,-0.90411186,1.3087596
-1.9111463,1.5665741,-0.1997232,-0.632229,4.972643,5.3315487,0.57563996,0.60359794,1.0128192
-0.39334,2.3953342,2.5800147,1.078796,3.2212648,4.1890645,1.1788911,-2.1382077,-2.9392958
-0.38910496,5.879788,-1.3404002,1.8726006,2.709576,6.1794777,1.8111607,-4.529439,-0.86271447
-3.0284257,2.7807627,-1.1571854,-1.8820492,5.39915,7.4166117,0.20956972,-0.62370044,2.1733298
-2.9771266,4.308888,0.9471675,-0.8491746,4.8643093,3.0614612,-0.6234564,-0.4639428,1.870314
-4.6815667,3.783545,-0.17523487,-2.500203,5.602165,4.9688816,-0.39820966,-2.391317,4.264561
-3.5674546,3.579189,-1.3079815,-1.5841655,3.748934,6.758385,0.8646158,-2.932321,1.7718341
-2.728386,1.4292791,1.0936157,-1.2036254,4.181889,5.937523,0.4331247,0.48993847,-1.5865006
-3.4167233,4.966674,-1.2735498,-1.2640201,4.5152817,6.6996503,0.455662,0.2691492,2.0153117
-3.5634146,3.380506,-0.17523308,-2.1346421,5.565409,6.6559367,-0.688943,-2.8497958,1.4352238
-3.4472713,2.8599474,-0.19838102,-2.6984181,5.352707,6.978525,-0.6071147,-3.375179,2.1457024
-2.9738479,0.76229024,2.748868,-1.7722441,2.7063272,3.283747,0.32495347,-1.3260359,-0.49791044
-2.615695,2.9258082,-0.32502407,-0.48690668,6.6580586,4.2745514,-1.2000628,-1.0065749,1.382338
1.6455942,3.4070222,-1.0910584,3.2929533,3.9832633,2.1104698,0.20570853,-6.0723133,-0.4461919
-2.8700037,3.0410411,2.1675556,-1.2897917,2.5018198,4.2967386,0.19359052,-0.48273215,-1.6799924
-2.4154649,3.490826,-0.37561625,-0.98070693,3.8429224,4.037508,0.809054,1.3005284,3.4606977
-2.6297812,4.8196206,-1.2032806,-0.59106874,4.1634493,4.3923197,-0.034396596,-0.8092332,2.568253
-2.1784635,3.4529595,-1.5858864,-0.05171725,5.100315,5.23804,0.2382479,0.5716901,1.6328565
-4.4279795,3.848992,-0.37428623,-0.5902469,6.02089,4.095024,-0.37764168,-2.028072,1.6413978
-0.47316062,4.251203,0.008833218,1.6948602,5.6512966,5.5914125,0.10643836,-4.6769714,-1.6540436
-3.2488778,1.8367977,-0.41656226,-1.880098,6.2932615,6.1573944,-0.63494116,-2.5983021,1.9367386
-2.4014442,3.2142584,-1.781845,-0.14398023,4.326602,4.9544005,0.6497797,-0.87797993,1.9411387
-5.363901,3.4836676,-0.5071593,-1.7699049,6.4636936,6.428696,0.19822523,-1.054546,2.1881838
-1.8670161,4.096267,-0.029956888,1.980117,5.9323387,5.0213594,0.8009227,-4.856729,-1.3447204
-2.3793557,0.7138462,1.5849932,-1.9152972,3.5581172,5.8091116,0.439788,0.32676217,-0.8228926
-2.9950743,3.4264925,-1.0918721,-1.6407485,5.5319853,6.2909565,-0.04000915,0.25357822,3.0356627
-1.9337181,2.4401839,-0.44849426,-0.32635307,6.3180194,3.1240177,-1.2633681,-1.3191453,2.3588529
-2.439836,1.224579,2.7960057,-1.6304423,2.8254278,3.7114544,0.271355,1.9964362,-0.69155526
-3.5442138,4.0482807,-1.2337106,-1.5562621,4.3769345,5.626236,0.43583283,-1.3107772,3.2482455
-2.7515864,3.7951229,-0.9029102,-0.47107378,5.2913313,5.294182,-0.2910622,-0.9613084,1.0093513
-3.611438,5.589481,-0.32336432,-1.0652755,5.0633583,4.67777,-0.7212683,-1.0366086,2.0131814
-4.1499786,5.8129044,-0.09166844,-0.5086212,5.0809746,4.1502876,-0.72532284,-2.1171603,0.82713264
-4.662152,4.223817,-0.65914327,-0.68267107,5.4279556,4.6472015,0.13033682,-1.9351128,1.656971
-3.3985848,5.5422015,-0.95614177,-1.0931848,4.2577286,5.658413,0.079080634,-0.53870267,2.0532236
-2.2659686,3.3147545,0.24068718,-0.1336802,4.788654,3.7131598,0.044393994,0.6101631,1.0232103
-4.03419,5.475903,0.082196996,-1.97619,4.920044,5.700239,-0.82746655,-2.4083016,1.8685861
-4.713719,3.5034983,-0.912247,-2.04528,5.0603046,6.853303,0.6110782,-2.1314445,2.3986387
-0.20398557,4.827009,-0.30640393,3.0224183,4.7621155,2.7635996,0.20887265,-5.5447607,-1.2325971
-1.4797873,1.8911458,-0.91494507,0.12042111,5.9203196,3.4223719,-0.8098495,-1.4581242,1.7251265
-4.412308,3.180847,-0.17459686,-2.2991812,6.1551104,6.8494606,-0.44194934,-2.3359652,1.8328435
-3.1714158,4.530969,-0.50890964,-1.0365669,4.8087025,5.1591315,-0.5214306,-2.1628761,1.3607786
-3.6436067,3.6503003,-0.5346685,-1.4166303,5.657456,5.79813,-0.3779904,-1.5907468,1.7834159
-2.6884432,4.3032584,-0.8487093,-0.4416143,5.4045544,4.1632442,-0.55045736,-0.12914988,2.3115208
-1.9905515,3.6142666,-1.6004847,-0.009626776,5.0164638,4.252804,0.099073045,0.86492276,2.688257
-1.7419536,0.80125225,1.469535,-1.233142,3.280598,4.133793,0.3860308,-1.8211331,-0.2818095
-3.5922358,2.4968746,3.0535583,-1.3888398,3.250356,3.0359256,-0.16201666,-0.817639,-1.2757795
-3.8315098,5.611143,-0.6338392,-0.86634696,4.2924185,6.5216227,0.06811791,-1.8881313,-0.1436935
-3.606104,4.672452,-1.357059,-0.6261375,5.094859,5.889775,0.52087593,0.92582893,1.9776618
1.5167062,4.8834114,-1.3429208,3.28146,2.6632843,2.0735047,0.593049,-6.284871,-0.16996568
-0.11717021,4.886762,-0.042639684,1.5671285,4.1879687,5.082139,0.23184726,-6.3204346,-1.2860084
-3.8187075,3.8509214,-0.6495699,-2.0769703,5.5407224,7.69485,-0.06237314,-0.9286264,1.4818829
-4.7102613,5.1825986,-0.5679434,-0.09824422,5.6096926,3.5754797,-0.12619683,-0.92150134,1.7633346
-2.8093157,3.2544982,-0.29251963,-1.1216453,6.1720657,4.3331165,-1.150629,-1.4524779,2.3973963
-4.205796,2.6930919,-0.8280775,-1.1032591,5.703989,5.1007824,0.18447104,-2.3526921,2.1830182
-3.8158422,5.579679,-0.7763899,-0.23799494,4.4278135,5.0028853,0.061758317,-1.5352285,0.48334974
-3.3881836,3.1286585,-0.3997453,-0.96441126,7.009944,6.5738993,-0.69573814,0.0518215,0.43790883
-4.824928,6.210033,-0.42337114,-2.200023,4.5423822,6.3434997,0.04155951,-0.89444274,2.8620725
-1.7212476,3.8658082,-1.3563759,0.839509,5.087994,3.256309,-0.28119707,0.18829378,1.4719292
-4.4131155,3.208926,-0.7435464,-1.0528795,5.752364,4.9720645,0.12816554,-1.9708707,2.2151585
-0.8118118,4.3829145,-0.51427597,2.0092638,4.3152323,4.6551495,1.0131855,-5.829321,-0.79844666
-2.60526,2.5845482,-0.9269987,-0.63433516,6.270629,5.971382,-0.35451958,-0.23798123,0.9821768
-2.6512382,5.171449,1.2824796,-1.2537346,1.2810463,3.0350254,1.2175733,-0.37368843,2.3514485
-3.2104807,2.9832547,-0.93005913,-0.48721716,4.8894353,4.103011,-0.042428188,-3.0920925,1.7432419
-2.423753,1.5526708,-1.3033985,-1.9678093,5.643057,7.061652,0.150897,-0.7346525,2.93607
0.32604063,3.0501392,-0.2488292,1.8060734,5.440834,4.913762,0.10088041,-5.412505,-1.0289596
1.626102,4.3096995,-1.6792142,3.0935757,2.7571108,2.5763426,0.92513365,-5.4858847,0.37464482
1.3302054,3.510065,-1.9141734,3.2701573,3.7420373,4.7421055,1.3941015,-4.082522,-1.4891201
-4.567179,2.8373916,-1.3274522,-1.8022017,5.118888,7.0702887,1.0505391,-1.5848447,2.467574
-4.6292167,4.1263843,-0.53601044,-0.70454717,5.8456163,5.858945,0.049880438,-1.5743449,0.37250823
-3.1413476,2.307604,-0.28966087,-1.9546906,6.3116436,6.4144664,-0.830642,-2.2263892,1.7147319
-3.0275838,5.3045087,-1.0271988,-0.30096313,4.904766,4.6426435,-0.16090393,0.46091726,1.9183668
0.22526777,4.3614163,-1.5423748,2.061433,3.487503,5.0040107,1.6096747,-3.8153214,0.48560542
-3.1654253,3.2097485,2.9010139,-2.1111887,1.2564417,3.9584007,0.49103686,-1.1070106,-0.7879581
1.8233871,3.5008414,-1.814794,4.0994725,3.9405947,2.426781,0.80047554,-4.3940067,-1.0594037
-4.4071126,5.442186,-0.18581124,-2.027652,5.7349963,5.5671873,-0.6673869,-0.21516904,3.191316
-3.0341218,3.028661,-0.6117489,-1.2324408,5.5711184,6.3553567,-0.41363296,-2.1395314,0.7163967
-4.3686295,5.3367944,-0.9833639,-1.8608364,4.082176,6.170819,0.55952305,-1.1928557,3.024502
-3.2191045,3.8420513,-1.2884449,-1.45374,3.9680653,5.8475676,0.5108771,-2.0839808,2.6262546
-2.886782,3.5109038,-1.2693657,-0.52001154,4.98166,5.9385705,0.26848894,-0.86527056,0.99384284
-3.7795439,4.442844,-0.45215064,-2.528116,4.4118276,5.4902487,-0.31757745,-2.656413,3.894294
-0.9457052,4.018527,-1.9027206,3.2189944,3.7382183,3.7897723,2.339,-4.4877663,-0.11983573
0.95309114,4.034831,-1.4222586,2.4011009,3.483812,3.66528,1.0352969,-4.634761,0.69615924
0.05937732,3.431434,-0.45649475,2.1822026,5.8705897,5.2384152,0.32012823,-3.7313995,-1.4091805
1.7066321,0.77831805,2.0700026,2.6621249,1.3813306,1.3594927,1.4661881,-2.0127156,-3.3039806
-4.85028,5.425292,-1.4196962,-0.77925515,4.267028,5.1301184,1.153881,-0.12841901,2.9371057
-2.5959158,3.0814326,-1.8366143,-0.071843356,4.2731876,4.9596786,0.81598437,-1.162104,1.8029332
-4.010007,3.1749794,-1.4700468,-1.0014935,4.2988234,6.176628,1.0712065,-2.5634544,1.5695776
-2.65891,2.289541,-0.3999992,-1.615281,6.081948,5.1402187,-0.97872007,-2.2533422,2.4697576
-3.0471685,3.677657,-1.7611865,-0.30186152,4.0243397,5.0886083,0.91691685,-1.2764647,1.9918065
2.0689938,3.3472784,-2.2270567,3.3698337,2.192203,4.166865,1.5676985,-6.4501076,-1.472872
-2.9445171,0.8750699,2.8367767,-3.0145466,3.1955922,5.185638,0.03030958,-0.8582897,0.1501357
-3.637506,1.9025986,1.5618832,-1.93235,1.863591,5.5087147,1.5870576,-0.92059183,-0.5677064
0.98925126,4.6927648,-1.1820493,2.9168622,2.926304,4.712384,0.93617165,-6.6830072,-2.4524293
-1.7212476,3.8658082,-1.3563759,0.839509,5.087994,3.256309,-0.28119707,0.18829378,1.4719292
-2.3547435,3.2615125,-1.5882596,-0.8637097,4.72433,5.912971,0.38329855,-0.14203867,2.3487787
-3.2447405,4.5459666,-0.7203874,-0.87955546,5.464548,5.3804913,-0.3931257,-0.2061151,1.7455251
-3.9002728,3.3735316,-1.6681173,-1.4819862,3.8078394,7.1347866,1.3821112,-2.2504478,1.9133265
-3.0856616,4.3557534,-0.25442034,-1.0312862,4.845912,4.7124667,-0.8285985,-3.0819433,1.185771
-2.8085406,3.0200453,-1.2162623,-1.0606285,5.252178,6.9062786,0.21704224,-0.77644414,1.0434809
-4.8710923,4.4533176,-0.8397785,-1.1911924,5.573159,5.106411,0.31981155,-0.5455523,2.91148
-1.8465,2.6193416,-1.6974561,-0.21485108,5.1612253,5.2526255,0.2589511,0.2714621,2.023478
0.19622815,4.352401,-1.682991,2.0457642,3.0828302,3.8156345,1.6850702,-4.280651,1.839647
-2.6423469,3.5988448,-1.1270399,-1.157592,5.5237947,4.9996777,-0.21148011,0.6446289,3.5867555
-0.87341654,3.5398712,-1.012878,3.4191892,4.4186983,3.6654012,1.4279997,-6.7871127,-2.2432475
0.9394318,3.8001564,-1.5226115,3.3431556,2.7202752,2.606195,1.1986983,-7.377673,-0.79711217
1.1035222,1.3777397,1.0044284,2.2647958,1.2121202,3.4269495,2.0596147,-4.593808,-3.3666837
0.057199128,3.6830623,-0.19542761,2.0006642,5.3992095,5.1620607,0.12774831,-5.3179536,-1.7690977
-2.628272,2.4800727,-1.5630797,-0.32412264,4.4931765,5.746864,0.6281302,-2.3372834,0.7569384
-3.0464988,3.6659536,-0.24414463,-1.7400935,5.7045603,4.4051113,-1.1056755,-1.8340554,3.3640156
0.15672815,3.1497643,-0.15912195,1.8730716,5.868662,4.734005,0.009386443,-4.652742,-0.8529759
-1.4270984,2.850841,-1.857661,0.36734518,4.33475,4.442233,0.34234285,-0.8053322,1.4961324
-2.7653892,4.7673006,-1.4456052,-1.111864,3.991451,5.218741,0.33128795,-0.19000468,3.300808
-3.946154,3.6240275,-0.37667948,-0.28825817,6.109533,4.3796453,-0.50967014,-2.0262947,0.69641805
-5.3560085,5.8302283,-1.1681533,-1.6751734,4.4167576,7.0534167,1.1536007,0.059455067,2.4474895
1.2441921,0.87500155,1.8121479,1.8606857,3.374768,3.083762,1.0991791,-3.8181999,-2.4022427
0.16956091,4.511697,-0.36613256,1.717043,4.6727195,3.688373,0.23339257,-4.297883,0.9011644
0.4875065,5.014547,-1.4715018,2.8188746,4.041927,3.968358,1.1593016,-2.3667393,0.23091513
-5.2954974,5.6300077,0.10124354,-2.0395806,6.0257397,5.24981,-0.69043565,-0.8628387,3.0304103
1.0599202,4.457176,-0.85015756,3.0359046,3.714271,2.9032004,0.31983662,-6.0730586,-1.0285292
-3.4041533,4.5112615,-0.2344714,-0.74751663,5.499462,4.0913253,-0.9226916,-1.9784746,1.6090245
-4.4169507,4.851283,-0.30040175,-0.9400395,4.836195,4.13284,-0.3185288,-3.1520205,1.7646677
-2.2604883,2.5794208,-1.29622,-1.3964502,5.282558,5.4224195,-0.06550539,-0.3539872,3.533884
0.08698941,3.357897,-0.13534816,2.4377406,2.9551206,1.6026453,1.7054555,-4.757996,1.2442346
-4.1670012,3.5179744,-0.6050755,-0.852396,6.0304384,5.5021076,-0.11380301,-1.3872683,1.2024361
0.7816651,3.362705,-0.3790999,2.1946604,4.812391,3.4812505,-0.0042650476,-5.854265,-0.34346908
-3.7027817,3.32914,-0.20528157,-0.27380365,3.9928362,4.316177,1.3015183,-0.33219102,1.11765
1.4070122,4.283129,-1.8745304,2.4980633,2.4631917,3.768805,1.385373,-5.0584717,0.7694935
-2.7786915,3.3478806,-0.5885814,-1.62236,5.6558924,4.5973606,-0.81352484,-1.1231294,3.6270392
-4.2039385,5.0179677,-1.2392651,-2.0422719,4.214351,7.290434,0.8210727,-0.34735283,2.82437
0.8553523,3.5260115,-1.1210229,3.1366944,4.783148,4.639996,0.690188,-4.457889,-2.2132998
-5.238386,4.6231346,1.0966951,-2.5311956,4.5839205,4.2751627,0.19894522,-1.2363187,3.7252378
-4.547375,5.0510077,-0.016689729,-1.7041316,5.9901676,4.7799115,-0.8357049,-1.0498046,2.9126694
-0.7288803,4.5323005,2.5252826,0.62491024,1.7499591,4.870431,1.357137,-3.7649603,-3.0482955
0.8440603,5.217067,-0.8505723,2.9009435,2.9082804,2.1812158,0.4291121,-6.781061,-0.19650507
-1.4019022,1.290737,-1.8753165,-0.06860989,5.299987,5.887746,0.4397278,-0.49395165,1.1357446
-4.1262393,3.4952254,-1.1577033,-2.507833,4.134967,7.9629726,0.9039962,-2.5178921,2.344694
-3.211006,4.5887156,-1.357923,-1.3100737,3.799245,7.4772506,0.75537413,-1.2717466,0.95201445
-0.9586047,5.350348,-0.06824608,2.0973756,4.3741517,4.9525256,0.562395,-6.2496204,-2.1147223
0.89085805,3.2685277,-0.8352575,3.5768783,4.4888783,1.3262309,0.18555883,-6.619371,-0.5576727
-2.6739435,-0.2130853,2.8152816,-2.6033792,4.3816147,4.717467,-0.2898821,-0.7387492,0.13816768
1.2948009,2.4145496,-1.2189577,2.8867447,5.1864815,3.4778368,0.51455027,-3.9422042,-0.1565625
1.0540155,3.1154742,-0.6953612,3.101426,2.1638577,1.9148887,1.9583694,-5.2124987,-0.00953313
-2.3565464,1.3481803,1.257095,-1.6637262,4.771192,5.257356,0.70556736,1.3471237,1.6601589
-4.777245,2.511233,2.8035245,-2.9404433,3.3014243,5.2250566,0.32235184,-2.2264998,-0.12460654
-5.0529885,4.696549,-0.13956602,-2.0493321,5.468915,4.749541,-0.36340287,-2.225329,3.5279534
-4.281551,4.2687707,-1.0380591,-1.1586169,5.719982,6.1879554,0.37623426,0.5306305,2.2781162
-2.7011838,4.18159,0.17576985,0.14754406,3.8039014,2.2902753,0.32382324,-0.28934827,1.7230821
-4.4833927,3.803262,-0.10873385,-1.6624966,6.629491,5.687166,-0.6803556,-1.0753981,2.0799978
-3.8564296,3.6246402,-1.3864177,-1.0370313,4.8079348,4.4924393,0.6113013,-0.9248281,3.8195672
0.31105578,5.538241,-0.56093854,2.5241406,3.529645,3.2213123,0.39956746,-5.7523394,-0.5220442
